Item Details,Qty.,Unit
885008,42,Roll
885028,63,Roll
885036,12,Roll
885038,51,Roll
885040,25,Roll
887013,40,Roll
8K9245,11,Roll
8K9251,58,Roll
8K9283,122,Roll
8K9321,1,Roll
9660115,108,Roll
9660175,67,Roll
9A030605,112,Roll
9A031003,58,Roll
9A040501,101,Roll
9D010504,66,Roll
9D010902,45,Roll
9F040101,61,Roll
9F040103,86,Roll
9F040104,25,Roll
9F040105,49,Roll
9F040106,65,Roll
9F040202,20,Roll
9F040206,105,Roll
9F040402,113,Roll
9F040505,4,Roll
9F040805,20,Roll
9F040901,37,Roll
9F040902,267,Roll
9F040903,4,Roll
9F040904,76,Roll
A8040503,70,Roll
G885003,47,Roll
W COSMIC,2350,Roll
5K36222,35,Roll
5K3692,101,Roll
885701,32,Roll
885822,26,Roll
887005,8,Roll
887006,109,Roll
887015,49,Roll
887018,85,Roll
887023,22,Roll
887025,81,Roll
8K9221,28,Roll
8K9222,123,Roll
8K9232,56,Roll
8K9244,20,Roll
8K9261,18,Roll
8K9262,115,Roll
8K9265,55,Roll
8K9281,7,Roll
8K9284,31,Roll
8K9291,16,Roll
8K9292,45,Roll
8K9294,52,Roll
8K9302,26,Roll
9660122,11,Roll
9660123,34,Roll
9660125,48,Roll
9660149,59,Roll
9660152,1,Roll
9A020103,86,Roll
9A020802,87,Roll
9A020901,36,Roll
9A030802,30,Roll
9A040302,18,Roll
9A040303,13,Roll
9A040702,227,Roll
9A040801,31,Roll
9A040804,73,Roll
9A040805,23,Roll
9A040902,42,Roll
9A041003,104,Roll
9D010403,74,Roll
9D010702,60,Roll
9F040201,82,Roll
A8040107,18,Roll
A8040406,53,Roll
W ELEMENTS,2273,Roll
885004,70,Roll
885024,123,Roll
885026,23,Roll
885041,24,Roll
885049,109,Roll
885053,55,Roll
885054,41,Roll
885055,17,Roll
885785,6,Roll
887011,37,Roll
887024,2,Roll
8K9211,72,Roll
8K9212,60,Roll
8K9214,2,Roll
8K9231,22,Roll
8K9235,72,Roll
8K9272,41,Roll
8K9273,62,Roll
8K9311,61,Roll
8K9313,16,Roll
8K9322,25,Roll
8K9324,11,Roll
9660111,8,Roll
9660113,2,Roll
9660116,19,Roll
9660131,26,Roll
9660132,34,Roll
9660133,9,Roll
9660144,2,Roll
9660145,95,Roll
9660154,41,Roll
9660164,30,Roll
9A030703,90,Roll
9A030901,91,Roll
9A031104,86,Roll
9A031202,48,Roll
9D010201,25,Roll
9D010604,54,Roll
9D010701,66,Roll
9D010704,22,Roll
9D010805,16,Roll
9D010903,84,Roll
9D010904,127,Roll
9F040204,43,Roll
9F040404,16,Roll
9F040406,15,Roll
9F040606,79,Roll
A8040607,178,Roll
A8040707,16,Roll
W LUXURY,3283,Roll
6K3514,14,Roll
6K3523,108,Roll
885002,89,Roll
885025,62,Roll
885031,38,Roll
885042,39,Roll
885794,105,Roll
885871,34,Roll
8K9241,82,Roll
8K9304,8,Roll
8K9305,6,Roll
8K9312,32,Roll
9660121,67,Roll
9660151,3,Roll
9660156,91,Roll
9660165,69,Roll
9660176,142,Roll
9A011105,65,Roll
9A020204,28,Roll
9A020206,51,Roll
9A020306,116,Roll
9A020307,109,Roll
9A020404,50,Roll
9A020601,19,Roll
9A020702,17,Roll
9A020703,4,Roll
9A020804,1,Roll
9A020903,145,Roll
9A020905,19,Roll
9A021001,29,Roll
9A030201,17,Roll
9A030202,103,Roll
9A031204,88,Roll
9A031401,110,Roll
9A040503,80,Roll
9A040903,91,Roll
9A041005,95,Roll
9A041103,85,Roll
9B010103,64,Roll
9D010104,44,Roll
9D010105,57,Roll
9D010205,9,Roll
9D010301,3,Roll
9D010405,75,Roll
9D010705,27,Roll
9D010706,91,Roll
9F040203,92,Roll
9F040205,77,Roll
9F040601,1,Roll
9F040803,61,Roll
A8040106,152,Roll
A8040709,176,Roll
A8040710,6,Roll
G885001,37,Roll
W MYTH,1789,Roll
885018,113,Roll
885021,26,Roll
885035,33,Roll
885047,29,Roll
885861,27,Roll
885863,20,Roll
9660124,3,Roll
9660126,42,Roll
9660143,23,Roll
9660147,102,Roll
9660148,73,Roll
9660155,39,Roll
9660163,116,Roll
9660172,20,Roll
9A020801,70,Roll
9A041001,88,Roll
9B010704,10,Roll
9B010802,7,Roll
9B010804,96,Roll
9D010203,16,Roll
9D010601,18,Roll
9D010603,69,Roll
9D010605,22,Roll
9F040301,72,Roll
9F040302,90,Roll
9F040303,11,Roll
9F040304,24,Roll
9F040305,44,Roll
9F040403,33,Roll
9F040405,27,Roll
9F040501,52,Roll
9F040504,17,Roll
9F040704,51,Roll
9F040801,33,Roll
9F040802,37,Roll
9F040804,42,Roll
9F040905,31,Roll
A8040501,53,Roll
G885012,110,Roll
35003,47,Roll
35004,26,Roll
35005,12,Roll
35006,48,Roll
35011,48,Roll
35012,41,Roll
35013,46,Roll
35014,46,Roll
35015,18,Roll
35021,27,Roll
35022,39,Roll
35023,34,Roll
35024,48,Roll
35025,33,Roll
35026,44,Roll
35031,27,Roll
35032,32,Roll
35033,25,Roll
35034,45,Roll
35035,20,Roll
35041,41,Roll
35042,26,Roll
35043,36,Roll
35044,39,Roll
35045,35,Roll
35051,38,Roll
35052,48,Roll
35053,53,Roll
35054,36,Roll
35055,43,Roll
35061,36,Roll
35062,21,Roll
35063,45,Roll
35064,34,Roll
35065,39,Roll
35071,52,Roll
35072,39,Roll
35081,30,Roll
35091,63,Roll
35092,9,Roll
35093,47,Roll
35094,26,Roll
35095,3,Roll
35096,7,Roll
35097,23,Roll
35098,59,Roll
W BRIGHT PEARLS,931.5,Roll
MZ0006,12,Roll
MZ0007,15,Roll
MZ0013,7,Roll
MZ0017,20,Roll
MZ0021,12,Roll
MZ0031,12,Roll
MZ0034,12,Roll
MZ0035,10.5,Roll
MZ0093,10,Roll
MZ0101,11,Roll
MZ0104,12,Roll
MZ0152,8.5,Roll
MZ0207,10,Roll
MZ0214,20,Roll
MZ0226,12,Roll
MZ0272,12,Roll
MZ0291,10.5,Roll
MZ0292,12,Roll
MZ0331,20,Roll
MZ0332,12,Roll
MZ0333,15.5,Roll
MZ0334,10.5,Roll
MZ0341,17.5,Roll
MZ0342,6.5,Roll
MZ0343,10.5,Roll
MZ0344,16,Roll
MZ0351,7.5,Roll
MZ0352,9,Roll
MZ0361,18,Roll
MZ0362,15.5,Roll
MZ0363,9,Roll
MZ0364,50,Roll
MZ0365,12,Roll
MZ0366,11.5,Roll
MZ0367,12,Roll
MZ0371,17,Roll
MZ0372,13,Roll
MZ0373,12,Roll
MZ0374,12,Roll
MZ0375,20,Roll
MZ0376,12,Roll
MZ0381,12,Roll
MZ0383,10,Roll
MZ0384,10.5,Roll
MZ0385,12,Roll
MZ0391,0.5,Roll
MZ0393,11,Roll
MZ0394,10,Roll
MZ0395,20,Roll
MZ0401,15,Roll
MZ0402,20,Roll
MZ0403,9.5,Roll
MZ0404,19.5,Roll
MZ0405,12,Roll
MZ0406,12,Roll
MZ0411,16.5,Roll
MZ0412,18.5,Roll
MZ0421,11.5,Roll
MZ0422,22,Roll
MZ0424,12,Roll
MZ0425,20,Roll
MZ0427,14.5,Roll
MZ0431,16.5,Roll
MZ0432,27,Roll
MZ0433,14,Roll
MZ0441,10,Roll
MZ0442,4,Roll
MZ0443,3.5,Roll
MZ0444,10,Roll
W ESSENTIAL STRIPE,902,Roll
CLASSIC STRIPE 9814-1,22,Roll
CLASSIC STRIPE 9814-3,31,Roll
CLASSIC STRIPE 9814-4,12,Roll
CLASSIC STRIPE 9814-5,19,Roll
CLASSIC STRIPE 9814-6,16,Roll
CLASSIC STRIPE 9814-7,19,Roll
CLOSET STRIPE 9817-1,15,Roll
CLOSET STRIPE 9817-2,18,Roll
CLOSET STRIPE 9817-3,21,Roll
CLOSET STRIPE 9817-4,29,Roll
COLLAGE 9813-1,11,Roll
COLLAGE 9813-2,15,Roll
COLLAGE 9813-3,10,Roll
COLLAGE 9813-4,10,Roll
CRONNO STRIPE 5060-1,12,Roll
CRONNO STRIPE 5060-2,10,Roll
CRONNO STRIPE 5060-3,10,Roll
KING STRIPE 5062-1,13,Roll
KING STRIPE 5062-2,6,Roll
KING STRIPE 5062-3,15,Roll
LANE STRIPE 9810-1,13,Roll
LANE STRIPE 9810-2,16,Roll
LANE STRIPE 9810-3,14,Roll
LANE STRIPE 9810-4,14,Roll
LANE STRIPE 9810-5,29,Roll
LIBRARY STRIPE 9811-1,17,Roll
LIBRARY STRIPE 9811-2,21,Roll
LIBRARY STRIPE 9811-3,22,Roll
LIBRARY STRIPE 9811-4,27,Roll
LIBRARY STRIPE 9811-5,13,Roll
OXFORD 9819-1,23,Roll
OXFORD 9819-2,14,Roll
OXFORD 9819-3,4,Roll
OXFORD 9819-4,16,Roll
OXFORD 9819-5,27,Roll
OXFORD 9819-6,8,Roll
POLO STRIPE 9815-1,3,Roll
POLO STRIPE 9815-2,1,Roll
POLO STRIPE 9815-3,7,Roll
POLO STRIPE 9815-4,25,Roll
POLO STRIPE 9815-5,14,Roll
POLO STRIPE 9815-6,38,Roll
ROYAL STRIPE 9816-1,16,Roll
ROYAL STRIPE 9816-2,11,Roll
ROYAL STRIPE 9816-3,5,Roll
ROYAL STRIPE 9816-4,12,Roll
ROYAL STRIPE 9816-5,16,Roll
ROYAL STRIPE 9816-6,11,Roll
SHIRT STRIPE 9818-1,8,Roll
SHIRT STRIPE 9818-2,23,Roll
SHIRT STRIPE 9818-3,2,Roll
SHIRT STRIPE 9818-4,18,Roll
SMART STRIPE 9812-1,17,Roll
SMART STRIPE 9812-2,10,Roll
SMART STRIPE 9812-3,38,Roll
SMART STRIPE 9812-4,18,Roll
SMART STRIPE 9812-5,17,Roll
W HANA,983,Roll
1900-1,12,Roll
1900-2,22,Roll
1900-3,36,Roll
1900-4,29,Roll
1900-5,60,Roll
1901-1,17,Roll
1901-2,18,Roll
1901-3,17,Roll
1901-4,29,Roll
1902-1,16,Roll
1902.2,16,Roll
1902-3,2,Roll
1902-4,11,Roll
1903-1,12,Roll
1903-2,14,Roll
1903-3,15,Roll
1903-4,14,Roll
1904-1,14,Roll
1904-2,13,Roll
1904-3,16,Roll
1904-4,18,Roll
1905-1,12,Roll
1905-2,17,Roll
1905-3,28,Roll
1905-4,13,Roll
1905-5,18,Roll
1906-1,17,Roll
1906-2,12,Roll
1906-3,21,Roll
1906-4,9,Roll
1906-5,10,Roll
1907-1,14,Roll
1907-2,17,Roll
1907-3,29,Roll
1907-4,20,Roll
1907-5,14,Roll
1908-1,19,Roll
1908-2,18,Roll
1908-3,12,Roll
1908-4,21,Roll
1909-1,17,Roll
1909-2,39,Roll
1909-3,48,Roll
1909-4,18,Roll
1909-5,15,Roll
1909-6,12,Roll
1910-1,21,Roll
1910-2,17,Roll
1910-3,23,Roll
1910-4,22,Roll
1910-5,7,Roll
1911-2 MURAL,10,Roll
1911-3 MURAL,12,Roll
W JAIPUR,1131,Roll
JAIPUR AM 480-4,24,Roll
JAIPUR AZ 480-2,13,Roll
JAIPUR AZ OS 480-5,20,Roll
JAIPUR BAGALA AZ/BL 484-2,24,Roll
JAIPUR BAGALA BG/AZ 484-4,20,Roll
JAIPUR BAGALA GR/BG 484-1,20,Roll
JAIPUR BAGALA VD/MU 484-3,19,Roll
JAIPUR BAZAAR AM/VD 486-5,24,Roll
JAIPUR BAZAAR AZ 486-2,24,Roll
JAIPUR BAZAAR BG 486-1,23,Roll
JAIPUR BAZAAR GR 486-4,20,Roll
JAIPUR BAZAAR TE 486-3,24,Roll
JAIPUR BG/GR 480-1,27,Roll
JAIPUR CHAI STR AN 488-4,36,Roll
JAIPUR CHAI STR AZ 488-5,36,Roll
JAIPUR CHAI STR BG/GR 488-1,36,Roll
JAIPUR CHAI STR TE 488-3,36,Roll
JAIPUR CHAI STR VD/TU 488-2,36,Roll
JAIPUR HAWA AZ 483-2,24,Roll
JAIPUR HAWA BG/GR 483-1,28,Roll
JAIPUR HAWA BL/GR 483-5,27,Roll
JAIPUR HAWA TE 483-3,15,Roll
JAIPUR HAWA VD 483-4,22,Roll
JAIPUR KHILNA AZ/VD 482-2,32,Roll
JAIPUR KHILNA GR/BG 482-1,24,Roll
JAIPUR KHILNA RJ/VD 482-3,16,Roll
JAIPUR KHILNA VD/MU 482-4,15,Roll
JAIPUR KREYON AM/VD 481-4,34,Roll
JAIPUR KREYON AZ/TU 481-2,33,Roll
JAIPUR KREYON BG/GR 481-1,30,Roll
JAIPUR KREYON GR 481-3,36,Roll
JAIPUR LOREL AM/VD 485-5,24,Roll
JAIPUR LOREL AZ OS 485-6,24,Roll
JAIPUR LOREL AZ/TU 485-2,30,Roll
JAIPUR LOREL GR/BG 485-1,15,Roll
JAIPUR LOREL RS/BG 485-3,16,Roll
JAIPUR LOREL VD 485-4,24,Roll
JAIPUR NADI STRIP AZ 487-5,36,Roll
JAIPUR NADI STRIP BG/GR 487-1,34,Roll
JAIPUR NADI STRIP GR 487-4,36,Roll
JAIPUR NADI STRIP RS 487-3,35,Roll
JAIPUR NADI STRIP TUR 487-2,35,Roll
JAIPUR RS/BG 480-3,24,Roll
W JOURNEY TO THE EAST,888,Roll
91790,17,Roll
91791,19,Roll
91792,28,Roll
91793,26,Roll
91800,13,Roll
91801,36,Roll
91810,18,Roll
91811,21,Roll
91812,22,Roll
91813,18,Roll
91814,24,Roll
91820,18,Roll
91821,21,Roll
91822,21,Roll
91823,19,Roll
91824,20,Roll
91830,23,Roll
91831,24,Roll
91832,23,Roll
91833,14,Roll
91840,16,Roll
91841,23,Roll
91842,20,Roll
91850,15,Roll
91851,21,Roll
91852,24,Roll
91853,15,Roll
91854,21,Roll
91860,24,Roll
91861,24,Roll
91862,23,Roll
91863,23,Roll
91870,20,Roll
91871,24,Roll
91872,18,Roll
91873,32,Roll
91874,19,Roll
91880,22,Roll
91881,33,Roll
91882,24,Roll
91883,22,Roll
W LIGHT GEX,728,Roll
LIG100601212,24,Roll
LIG100601520,24,Roll
LIG100606803,22,Roll
LIG101075050,22,Roll
LIG101076112,24,Roll
LIG101077144,24,Roll
LIG103221267,24,Roll
LIG103222042,24,Roll
LIG106560020,2,Roll
LIG106565055,22,Roll
LIG106569090,13,Roll
LIG106569129,22,Roll
LIG106570014,9,Roll
LIG106576040,24,Roll
LIG106577023,24,Roll
LIG106579021,24,Roll
LIG106591029,24,Roll
LIG106597070,24,Roll
LIG106599105,22,Roll
LIG106600026,23,Roll
LIG106601010,21,Roll
LIG106606025,24,Roll
LIG106609090,24,Roll
LIG106610017,23,Roll
LIG106616026,23,Roll
LIG106619021,24,Roll
LIG106620000,24,Roll
LIG106621017,24,Roll
LIG106626010,24,Roll
LIG106629000,24,Roll
LIG106640000,24,Roll
LIG106640127,24,Roll
LIG106641015,24,Roll
W LINEN EDITION 2,1301,Roll
LNI103221012,23,Roll
LNI103221129,24,Roll
LNI103221134,24,Roll
LNI103221246,24,Roll
LNI103221366,24,Roll
LNI103221390,24,Roll
LNI103221415,6,Roll
LNI103221498,24,Roll
LNI103221550,23,Roll
LNI103221619,24,Roll
LNI103221717,19,Roll
LNI103221720,16,Roll
LNI103221746,24,Roll
LNI103221819,17,Roll
LNI103221874,21,Roll
LNI103221900,20,Roll
LNI103221920,24,Roll
LNI103221933,20,Roll
LNI103222200,24,Roll
LNI103222420,24,Roll
LNI103222424,24,Roll
LNI103222560,24,Roll
LNI103222620,24,Roll
LNI103222760,24,Roll
LNI103222790,24,Roll
LNI103222804,24,Roll
LNI103222952,24,Roll
LNI103223131,22,Roll
LNI103224076,24,Roll
LNI103224160,24,Roll
LNI103226145,24,Roll
LNI103226230,18,Roll
LNI103226399,21,Roll
LNI103227000,24,Roll
LNI103227410,6,Roll
LNI103227412,24,Roll
LNI103227577,22,Roll
LNI103227602,22,Roll
LNI103227660,24,Roll
LNI103227780,24,Roll
LNI103227864,24,Roll
LNI103227970,24,Roll
LNI103229000,21,Roll
LNI103229055,24,Roll
LNI103229123,24,Roll
LNI103229156,22,Roll
LNI103229610,24,Roll
LNI103230020,24,Roll
LNI103231220,24,Roll
LNI103232029,24,Roll
LNI103233030,24,Roll
LNI103234021,24,Roll
LNI103236032,24,Roll
LNI103236590,24,Roll
LNI103237220,24,Roll
LNI103239022,22,Roll
LNI103239130,24,Roll
LNI103239222,24,Roll
W MEDINA,9014,Roll
ES21103,214,Roll
ES21104J,193,Roll
ES21502,193,Roll
ES21503,13,Roll
ES21504,220,Roll
ES21505,220,Roll
ES21506,121,Roll
ES21508,188,Roll
ES21908,196,Roll
ES21909,161,Roll
ES21910,211,Roll
ES22402,204,Roll
ES22403,249,Roll
ES22404,191,Roll
ES22406,230,Roll
ES22502,85,Roll
ES22503,245,Roll
ES22505,17,Roll
ES22506,176,Roll
ES22508,193,Roll
ES22509,200,Roll
ES22602,160,Roll
ES22604,155,Roll
ES22605,87,Roll
ES22606,117,Roll
ES22608,171,Roll
ES22701,239,Roll
ES22702,222,Roll
ES22703J,123,Roll
ES22706,257,Roll
ES22802,240,Roll
ES22803,238,Roll
ES22805,63,Roll
ES22807,257,Roll
ES22902,135,Roll
ES22903,168,Roll
ES22908,79,Roll
ES22909,228,Roll
ES22910,200,Roll
ES23103,184,Roll
ES23104,107,Roll
ES23206,113,Roll
ES23302,131,Roll
ES23303,180,Roll
ES23309,147,Roll
ES23405,258,Roll
ES23406,89,Roll
ES23407,98,Roll
ES23502,136,Roll
ES23503,209,Roll
ES23504,204,Roll
ES23604,182,Roll
ES23606,117,Roll
W MUNICH,4263,Roll
"AST207
",114,Roll
"AST209
",84,Roll
"AST211
",119,Roll
"AST212
",126,Roll
"AST301
",25,Roll
"AST303
",21,Roll
"AST304
",34,Roll
"AST307
",142,Roll
"AST309
",21,Roll
"AST908
",143,Roll
"AST909
",75,Roll
"BLA502
",142,Roll
"BLA504
",41,Roll
"BLA506
",33,Roll
"BLA507
",28,Roll
"BLA803
",93,Roll
"BLA806
",166,Roll
"BLA807
",121,Roll
"BLA808
",74,Roll
"BLA818
",40,Roll
"BLA819
",86,Roll
"BLA902
",17,Roll
"BLA903
",35,Roll
"BLA905
",58,Roll
"BLA906
",124,Roll
"BLA907
",35,Roll
"BLA910
",70,Roll
"BLA914
",151,Roll
"BLA920
",137,Roll
"BLA921
",33,Roll
"CRE405
",0,Roll
"CRE410
",34,Roll
"CRE411
",73,Roll
"CRE602
",119,Roll
"CRE608
",61,Roll
"DYA103
",70,Roll
"DYA104
",27,Roll
"DYA1103
",80,Roll
"DYA1108
",40,Roll
"DYA1209
",77,Roll
"DYA1210
",120,Roll
"DYA201
",109,Roll
"DYA203
",82,Roll
"DYA204
",97,Roll
"DYA302
",118,Roll
"DYA307
",44,Roll
"DYA311
",116,Roll
"DYA312
",42,Roll
"DYA709
",25,Roll
"DYA712
",133,Roll
"DYA903
",50,Roll
"DYA904
",141,Roll
"DYA906
",83,Roll
"DYA908
",66,Roll
W NOUVEAU,3069,Roll
"EST403
",74,Roll
"FIE101
",41,Roll
FIE103,190,Roll
"FIE104
",64,Roll
"FIE105
",41,Roll
"FIE106
",70,Roll
"FIE201
",95,Roll
"FIE203
",136,Roll
"FIE204
",96,Roll
"FIE205
",67,Roll
"FIE206
",137,Roll
"FIE303
",56,Roll
"FIE304
",117,Roll
"FIE306
",103,Roll
"FIE307
",112,Roll
"FIE401
",68,Roll
"FIE402
",56,Roll
"FIE403
",90,Roll
"FIE404
",87,Roll
"FIE406
",133,Roll
"FIE501
",61,Roll
"FIE502
",104,Roll
"FIE503
",95,Roll
"FIE504
",52,Roll
"FIE505
",115,Roll
"FIE506
",116,Roll
"FIE508
",1,Roll
"FIE509
",88,Roll
"FIE510
",173,Roll
"FIE701
",61,Roll
"FIE702
",4,Roll
"FIE703
",56,Roll
"FIE704
",132,Roll
"FIE705
",40,Roll
"HOR101
",41,Roll
"HOR103
",32,Roll
"HOR104
",65,Roll
W NOUVEAU TEXTURES,4708,Roll
"EST501
",38,Roll
"EST502
",78,Roll
"EST503
",143,Roll
"EST505
",121,Roll
"EST506
",161,Roll
"FIE603
",87,Roll
FIE604,74,Roll
"FIE609
",108,Roll
"FIE610
",62,Roll
"FIE612
",68,Roll
"FIE613
",112,Roll
"FIE615
",93,Roll
"FIE802
",105,Roll
"FIE803
",107,Roll
"FIE804
",86,Roll
"FIE806
",5,Roll
"FIE807
",90,Roll
"FIE809
",72,Roll
"FIE810
",52,Roll
"FIE902
",4,Roll
"FIE910
",120,Roll
"GOR201
",33,Roll
"GOR203
",52,Roll
"GOR209
",31,Roll
"GOR301
",13,Roll
"GOR304
",45,Roll
"GOR307
",40,Roll
"GOR313
",41,Roll
GOR508,32,Roll
"GOR510
",73,Roll
"GOR511
",85,Roll
"GOR514
",33,Roll
"GOR515
",56,Roll
GOR801,17,Roll
"GOR803
",47,Roll
"GOR806
",77,Roll
"GOR807
",130,Roll
"GOR808
",127,Roll
"GOR809
",147,Roll
"GOR810
",15,Roll
"GOR816
",60,Roll
"GOR902
",125,Roll
"GOR906
",84,Roll
"GOR907
",69,Roll
"GOR909
",206,Roll
"GOR911
",130,Roll
"HOR206
",50,Roll
"HOR212
",30,Roll
"HOR302
",20,Roll
"HOR303
",19,Roll
"HOR306
",144,Roll
"HOR402
",153,Roll
"HOR403
",107,Roll
"HOR406
",71,Roll
"HOR801
",198,Roll
"HOR803
",90,Roll
"HOR808
",57,Roll
"HOR809
",139,Roll
"HOR813
",14,Roll
"HOR814
",62,Roll
W OHLALA,1028,Roll
229-3B,15,Roll
229-4B,22,Roll
3350-1,38,Roll
3350-2,24,Roll
3350-3,10,Roll
3350-4,5,Roll
3351-1,13,Roll
3351-2,19,Roll
3352-1,21,Roll
3352-2,14,Roll
3352-3,17,Roll
3353-1,7,Roll
3353-2,15,Roll
3353-3,20,Roll
3354-1,8,Roll
3354-2,8,Roll
3354-3,12,Roll
3355-1,47,Roll
3355-3,22,Roll
3356-1,4,Roll
3357-1,19,Roll
3357-2,24,Roll
3357-3,13,Roll
3357-4,33,Roll
3358-1,24,Roll
3358-2,17,Roll
3358-3,32,Roll
3359-1,11,Roll
3359-2,21,Roll
3360-1,15,Roll
3360-2,14,Roll
3360-3,28,Roll
3361-1,16,Roll
3361-2,20,Roll
3361-3,19,Roll
3361-4,15,Roll
3362-1,18,Roll
3362-2,11,Roll
3362-3,6,Roll
3363-1,15,Roll
3363-2,8,Roll
3363-3,15,Roll
3363-4,13,Roll
3363-5,22,Roll
3363-6,15,Roll
3363-7,17,Roll
3363-8,19,Roll
3363-9,15,Roll
3450-1,13,Roll
3450-2,4,Roll
3451-1,23,Roll
3452-1,8,Roll
3452-2,23,Roll
3453-1,10,Roll
3453-2,20,Roll
3454-1,13,Roll
3454-3,13,Roll
3454-4,15,Roll
586-1B,17,Roll
586-2B,17,Roll
586-3B,16,Roll
W ORIGINS,1180,Roll
8500-1,7,Roll
8500-2,50,Roll
8500-3,22,Roll
8500-4,17,Roll
8500-5,22,Roll
8501-1,9,Roll
8501-2,24,Roll
8501-3,11,Roll
8502-1,44,Roll
8502-2,68,Roll
8502-3,34,Roll
8502-4,23,Roll
8503-1,8,Roll
8503-2,6,Roll
8503-3,12,Roll
8503-4,11,Roll
8504-1,20,Roll
8504-2,11,Roll
8504-3,27,Roll
8504-4,19,Roll
8505-1,67,Roll
8505-2,23,Roll
8505-3,22,Roll
8505-4,9,Roll
8505-5,17,Roll
8506-1,20,Roll
8506-2,10,Roll
8506-3,24,Roll
8506-4,9,Roll
8506-5,31,Roll
8507-1,29,Roll
8507-2,28,Roll
8507-3,29,Roll
8507-4,36,Roll
8507-5,12,Roll
8508-1,36,Roll
8508-2,10,Roll
8508-3,32,Roll
8508-4,21,Roll
8509-1,36,Roll
8509-2,15,Roll
8509-3,22,Roll
8509-4,18,Roll
8510-1,14,Roll
8510-2,20,Roll
8510-3,13,Roll
8510-4,16,Roll
8511-1,12,Roll
8511-2,26,Roll
8511-3,25,Roll
8511-4,15,Roll
8511-5,17,Roll
8511-6,11,Roll
8511-7,10,Roll
W PIPPO,663,Roll
BALLOONS 452-1,16,Roll
BALLOONS 452-2,5,Roll
CLOUDS 458-1,3,Roll
CLOUDS 458-2,13,Roll
CLOUDS 458-3,20,Roll
CLOUDS 458-4,10,Roll
CONFETTI 453-1,13,Roll
DREAMS 450-1,14,Roll
DREAMS 450-2,19,Roll
DREAMS 450-3,12,Roll
LITTLE PARADE 451-1,15,Roll
LITTLE PARADE 451-2,11,Roll
LITTLE PARADE 451-3,17,Roll
PETIT FLEUR 455-1,17,Roll
PETIT FLEUR 455-2,14,Roll
PIPPO CONFETTI TU 473-1,1,Roll
PIPPO FINE STRIPES 462-1,14,Roll
PIPPO FINE STRIPES 462-2,20,Roll
PIPPO FINE STRIPES 462-3,16,Roll
PIPPO FINE STRIPES 462-4,20,Roll
PIPPO PLAIN 463-1,9,Roll
PIPPO PLAIN 463-2,12,Roll
PIPPO PLAIN 463-3,10,Roll
PIPPO PLAIN 463-4,17,Roll
PIPPO PLAIN 463-5,24,Roll
PIPPO PLAIN 463-6,12,Roll
PIPPO SPECKS 459-1,13,Roll
PIPPO SPECKS 459-2,19,Roll
PIPPO SPECKS 459-3,6,Roll
PIPPO SPOTS 460-1,27,Roll
PIPPO SPOTS 460-2,12,Roll
PIPPO SPOTS 460-3,30,Roll
PIPPO STRIPES 461-1,16,Roll
PIPPO STRIPES 461-2,15,Roll
PIPPO STRIPES 461-3,7,Roll
PIPPO STRIPES 461-4,10,Roll
PIPPO STRIPES 461-5,17,Roll
SAFARI 454-1,20,Roll
SAFARI 454-2,34,Roll
STARS 457-1,18,Roll
STARS 457-2,27,Roll
STARS 457-3,18,Roll
TRAVEL FRIENDS 456-1,19,Roll
TRAVEL FRIENDS 456-2,1,Roll
W RAFAEL,1342,Roll
29101,28,Roll
29102,36,Roll
29103,36,Roll
29104,17,Roll
29105,52,Roll
29106,32,Roll
29201,28,Roll
29202,39,Roll
29203,39,Roll
29204,48,Roll
29205,42,Roll
29206,45,Roll
29207,38,Roll
29301,24,Roll
29302,31,Roll
29303,37,Roll
29304,31,Roll
29305,53,Roll
29306,45,Roll
29401,27,Roll
29402,33,Roll
29403,29,Roll
29404,48,Roll
29405,31,Roll
29406,37,Roll
29501,24,Roll
29502,37,Roll
29503,17,Roll
29504,43,Roll
29505,30,Roll
29506,48,Roll
29601,41,Roll
29602,51,Roll
29603,53,Roll
29604,41,Roll
29605,24,Roll
29606,27,Roll
W SANYI,1567,Roll
SY1001F,24,Roll
SY1002F,31,Roll
SY1003F,28,Roll
SY1004F,24,Roll
SY1005F,24,Roll
SY1011F,21,Roll
SY1012F,31,Roll
SY1013F,30,Roll
SY1014F,28,Roll
SY1015F,22,Roll
SY1022F,40,Roll
SY1023F,33,Roll
SY1024F,40,Roll
SY1026F,11,Roll
SY1031F,40,Roll
SY1032F,24,Roll
SY1033F,24,Roll
SY1034F,35,Roll
SY1035F,21,Roll
SY1036F,24,Roll
SY1041F,38,Roll
SY1042F,47,Roll
SY1043F,33,Roll
SY1045F,18,Roll
SY1051F,35,Roll
SY1052F,29,Roll
SY1053F,1,Roll
SY1061F,23,Roll
SY1062F,20,Roll
SY1081F,31,Roll
SY1082F,14,Roll
SY1091F,19,Roll
SY1092F,35,Roll
SY1093F,17,Roll
SY1111F,15,Roll
SY1112F,17,Roll
SY1113F,21,Roll
SY1114F,8,Roll
SY1115F,16,Roll
SY1123F,13,Roll
SY1131F,15,Roll
SY1132F,20,Roll
SY1133F,13,Roll
SY1134F,21,Roll
SY1137F,21,Roll
SY1142F,23,Roll
SY1151F,37,Roll
SY1152F,15,Roll
SY1153F,19,Roll
SY1154F,23,Roll
SY1155F,14,Roll
SY1156F,22,Roll
SY1157F,19,Roll
SY1158F,18,Roll
SY1161F,19,Roll
SY1162F,18,Roll
SY1163F,19,Roll
SY1164F,23,Roll
SY1171F,31,Roll
SY1174F,23,Roll
SY1177F,40,Roll
SY1181F,32,Roll
SY1182F,15,Roll
SY1183F,24,Roll
SY1184F,15,Roll
SY1185F,23,Roll
W TALES OF THE MANOR,1018,Roll
91890,18,Roll
91891,24,Roll
91892,24,Roll
91900,24,Roll
91901,25,Roll
91902,24,Roll
91903,24,Roll
91904,21,Roll
91910,24,Roll
91911,24,Roll
91912,24,Roll
91913,23,Roll
91920,23,Roll
91921,16,Roll
91922,17,Roll
91923,22,Roll
91930,17,Roll
91931,18,Roll
91932,13,Roll
91933,19,Roll
91940,16,Roll
91941,20,Roll
91942,24,Roll
91943,21,Roll
91950,30,Roll
91951,21,Roll
91952,15,Roll
91960,11,Roll
91961,14,Roll
91962,11,Roll
91963,12,Roll
91970,28,Roll
91971,26,Roll
91972,22,Roll
91973,23,Roll
91980,22,Roll
91981,24,Roll
91982,19,Roll
91983,24,Roll
91990,41,Roll
91991,34,Roll
91992,20,Roll
91993,16,Roll
91994,15,Roll
92000,19,Roll
92001,20,Roll
92002,24,Roll
92003,22,Roll
W TEXTURA,912,Roll
66120,22,Roll
66121,22,Roll
66122,21,Roll
66123,15,Roll
66130,24,Roll
66131,22,Roll
66132,24,Roll
66133,22,Roll
66134,22,Roll
66140,24,Roll
66141,33,Roll
66142,21,Roll
66143,22,Roll
66150,24,Roll
66151,22,Roll
66152,24,Roll
66160,31,Roll
66161,19,Roll
66162,16,Roll
66163,15,Roll
66170,23,Roll
66171,23,Roll
66172,24,Roll
66173,24,Roll
66180,23,Roll
66181,24,Roll
66182,24,Roll
66183,24,Roll
66190,24,Roll
66191,24,Roll
66192,24,Roll
66193,23,Roll
66200,17,Roll
66201,24,Roll
66203,24,Roll
66204,24,Roll
66210,19,Roll
66211,32,Roll
66212,20,Roll
66213,23,Roll
ARCADIA,577,Roll
"ARCADIA A64902
",10,Roll
"ARCADIA A64903
",24,Roll
"ARCADIA A65001
",31,Roll
"ARCADIA A65002
",21,Roll
"ARCADIA A65103
",24,Roll
"ARCADIA A65104
",18,Roll
"ARCADIA A65401
",7,Roll
"ARCADIA A65402
",11,Roll
"ARCADIA A65411
",29,Roll
"ARCADIA A67801
",20,Roll
"ARCADIA A67802
",20,Roll
"ARCADIA A68102
",14,Roll
"ARCADIA A68103
",31,Roll
"ARCADIA A68104
",19,Roll
"ARCADIA A69201
",22,Roll
"ARCADIA A69202
",16,Roll
"ARCADIA A69203
",15,Roll
"ARCADIA A70201
",11,Roll
"ARCADIA A70202
",41,Roll
"ARCADIA A70203
",25,Roll
"ARCADIA A70701
",8,Roll
"ARCADIA A70702
",33,Roll
"ARCADIA A70801
",14,Roll
"ARCADIA A70802
",12,Roll
"ARCADIA A70803
",8,Roll
"ARCADIA A70901
",26,Roll
"ARCADIA A70902
",25,Roll
"ARCADIA A70903
",10,Roll
"ARCADIA A71301
",12,Roll
"ARCADIA A71302
",11,Roll
"ARCADIA A71308
",9,Roll
ASPERIA,1029,Roll
ASPERIA 177502,34,Roll
ASPERIA 177504,29,Roll
ASPERIA 177505,24,Roll
ASPERIA A51401,35,Roll
ASPERIA A51402,27,Roll
ASPERIA A51403,34,Roll
ASPERIA A51519,23,Roll
ASPERIA A54701,27,Roll
ASPERIA A54702,36,Roll
ASPERIA A54703,16,Roll
ASPERIA A54801,20,Roll
ASPERIA A54802,14,Roll
ASPERIA A54803,10,Roll
ASPERIA A54901,11,Roll
ASPERIA A54902,27,Roll
ASPERIA A54903,9,Roll
ASPERIA A55401,21,Roll
ASPERIA A55402,28,Roll
ASPERIA A55701,17,Roll
ASPERIA A55702,21,Roll
ASPERIA A55703,22,Roll
ASPERIA A55801,45,Roll
ASPERIA A55802,19,Roll
ASPERIA A56201,8,Roll
ASPERIA A56202,8,Roll
ASPERIA A57001,22,Roll
ASPERIA A57002,11,Roll
ASPERIA A57101,27,Roll
ASPERIA A57103,34,Roll
ASPERIA A58101,13,Roll
ASPERIA A58102,10,Roll
ASPERIA A58701,34,Roll
ASPERIA A58702,4,Roll
ASPERIA A58703,30,Roll
ASPERIA A60001,16,Roll
ASPERIA A60002,21,Roll
ASPERIA A60003,33,Roll
ASPERIA A60101,15,Roll
ASPERIA A60103,30,Roll
ASPERIA A60104,26,Roll
ASPERIA PP1210,32,Roll
ASPERIA PP1211,16,Roll
ASPERIA PP1213,32,Roll
ASPERIA PP1215,23,Roll
JF 1215 - ASPERIA A13302,14,Roll
JF / CIARA / ASPERIA 1214,21,Roll
CIARA,1047,Roll
CIARA A13317,21,Roll
CIARA A13318,21,Roll
CIARA A13319,25,Roll
CIARA A53701,8,Roll
CIARA A53702,9,Roll
CIARA A53703,30,Roll
CIARA A53704,13,Roll
CIARA A53705,7,Roll
CIARA A53706,19,Roll
CIARA A53707,11,Roll
CIARA A53708,35,Roll
CIARA A53709,8,Roll
CIARA A53710,7,Roll
CIARA A53711,17,Roll
CIARA A53713,9,Roll
CIARA A53714,7,Roll
CIARA A58401,30,Roll
CIARA A58402,12,Roll
CIARA A58403,28,Roll
CIARA A58601,22,Roll
CIARA A62701,15,Roll
CIARA A62702,16,Roll
CIARA A62703,31,Roll
CIARA A62801,18,Roll
CIARA A62802,30,Roll
CIARA A62803,8,Roll
CIARA A62901,20,Roll
CIARA A62902,11,Roll
CIARA A62903,20,Roll
CIARA A62904,18,Roll
CIARA A63001,13,Roll
CIARA A63002,18,Roll
CIARA A63003,23,Roll
CIARA A63101,18,Roll
CIARA A63102,30,Roll
CIARA A63103 - D,17,Roll
CIARA A63201,14,Roll
CIARA A63202,20,Roll
CIARA A63301,22,Roll
CIARA A63302,14,Roll
CIARA A63401,13,Roll
CIARA A63402,14,Roll
CIARA A63403,13,Roll
CIARA A63404,8,Roll
CIARA A63501,22,Roll
CIARA A63502,10,Roll
CIARA A63503,8,Roll
CIARA A63504,12,Roll
CIARA A63601,11,Roll
CIARA A63602,16,Roll
CIARA A63603,15,Roll
CIARA A63801,18,Roll
CIARA A63802 - Discontinued,5,Roll
CIARA A63803,23,Roll
CIARA A63901,16,Roll
CIARA A63902,15,Roll
CIARA A64001,21,Roll
CIARA A64002,10,Roll
CIARA A64003,18,Roll
CIARA A64101,19,Roll
CIARA A64102,19,Roll
CIARA A64103,13,Roll
JF / CIARA 1213,13,Roll
JUNGLE FEVER,465,Roll
JF 1101,13,Roll
JF 1102,5,Roll
JF 1103,14,Unit
JF 1216 - A13305,35,Unit
JF 1309,25,Unit
JF 2001,10,Unit
JF 2301,5,Unit
JF 2302,17,Unit
JF 2401,19,Unit
JF 2402,63,Unit
JF 3001,15,Unit
JF 3002,45,Unit
JF 3201,43,Unit
JF 3203,12,Unit
JF 3301,29,Unit
JF 3302,28,Unit
JF 3303,27,Unit
JF 3402,15,Unit
JF 3601,10,Unit
JF 3602,7,Unit
JF 3702,12,Unit
JF 3902,5,Unit
JF MURAL A 6001,2,Unit
JF MURAL B 6101,9,Unit
KARUNA,804,Unit
"ARCADIA \ KARUNA \ INIA A71001
",26,Unit
"ARCADIA \ KARUNA \ INIA A71002
",22,Unit
"ARCADIA \ KARUNA \ INIA A71003
",26,Unit
"ARCADIA \ KARUNA \ INIA A71004
",11,Unit
"ARCADIA \ KARUNA \ INIA A71005
",19,Unit
"ARCADIA \ KARUNA \ INIA A71006
",19,Unit
"ARCADIA \ KARUNA \ INIA A71007
",21,Unit
"ARCADIA \ KARUNA \ INIA A71008
",29,Unit
"ARCADIA \ KARUNA \ INIA A71009
",21,Unit
"ARCADIA \ KARUNA \ INIA A71010
",14,Unit
KARUNA 205001,4,Unit
KARUNA 205002,7,Unit
KARUNA 205003,36,Unit
KARUNA A67601,12,Unit
KARUNA A67602,14,Unit
KARUNA A67603,25,Unit
KARUNA A69001,27,Unit
KARUNA A69002,14,Unit
KARUNA A69101,22,Unit
KARUNA A69102,24,Unit
KARUNA A69103,24,Unit
KARUNA A71201,18,Unit
KARUNA A71202,30,Unit
KARUNA A71203,13,Unit
KARUNA A71801,11,Unit
KARUNA A71802,20,Unit
KARUNA A76001,33,Unit
KARUNA A76002,27,Unit
KARUNA A76101,14,Unit
KARUNA A76102,29,Unit
KARUNA A76103,26,Unit
KARUNA A76201,25,Unit
KARUNA A76202,25,Unit
KARUNA A76203,11,Unit
KARUNA A76301,22,Unit
KARUNA A76302,11,Unit
KARUNA A76602,11,Unit
KARUNA A76603,26,Unit
NOMAD,722,Unit
JF 1301 / NOMAD PP1101,18,Unit
JF 1302 / NOMAD PP1102,13,Unit
JF 1303 / NOMAD PP1103,25,Unit
JF 1305 / NOMAD PP1105,37,Unit
JF 1306 / NOMAD PP1106,14,Unit
JF 1308 / NOMAD PP1108 - Discontinued,1,Unit
NOMAD 170702,10,Unit
NOMAD 170703,20,Unit
NOMAD 170705,24,Unit
NOMAD 170802,13,Unit
NOMAD 170803,31,Unit
NOMAD 170805,13,Unit
NOMAD 171801,13,Unit
NOMAD 171802,25,Unit
NOMAD 171803,21,Unit
NOMAD 171804,5,Unit
NOMAD A47505,21,Unit
NOMAD A47506,34,Unit
NOMAD A47507,19,Unit
NOMAD A47606 - Discontinued,3,Unit
NOMAD A50101,13,Unit
NOMAD A50102,10,Unit
NOMAD A50103,6,Unit
NOMAD A50105,14,Unit
NOMAD A50201,11,Unit
NOMAD A50202,29,Unit
NOMAD A50601,22,Unit
NOMAD A50602 - Discontinued,17,Unit
NOMAD A51019,13,Unit
NOMAD A51020,34,Unit
NOMAD A51021,11,Unit
NOMAD A51023 - Discontinued,5,Unit
NOMAD A51101,34,Unit
NOMAD A51102,32,Unit
NOMAD A51201,15,Unit
NOMAD A51202,19,Unit
NOMAD A51301,28,Unit
NOMAD A51302,17,Unit
NOMAD A51303,14,Unit
NOMAD PP1104,18,Unit
OROM 2,504,Unit
ASPERIA / OROM 2 A51514,33,Unit
ASPERIA / OROM 2 A51515,16,Unit
ASPERIA / OROM 2 A51517,16,Unit
ASPERIA / OROM 2 A51518,15,Unit
ASPERIA / OROM 2 A51520,26,Unit
OROM 2 A51511,5,Unit
OROM 2 A51512,7,Unit
OROM 2 A51516,11,Unit
OROM 2 MURAL 202701,14,Unit
OROM 2 MURAL 203801,5,Unit
OROM 2 MURAL A39501,5,Unit
OROM 2 MURAL A40801,4,Unit
OROM 2 MURAL A42301,6,Unit
OROM 2 MURAL A42501,7,Unit
OROM 2 MURAL A42601,6,Unit
OROM 2 MURAL A43101,10,Unit
OROM 2 MURAL A46301,10,Unit
OROM 2 MURAL A50801,6,Unit
OROM 2 MURAL A50802,4,Unit
OROM 2 MURAL A52001,4,Unit
OROM 2 MURAL A52201,12,Unit
OROM 2 MURAL A52301,5,Unit
OROM 2 MURAL A52501,6,Unit
OROM 2 MURAL A53501,3,Unit
OROM 2 MURAL A54501,18,Unit
OROM 2 MURAL A56702,6,Unit
OROM 2 MURAL A58201,6,Unit
OROM 2 MURAL A58301,6,Unit
OROM 2 MURAL A59502,12,Unit
OROM 2 MURAL A60701,13,Unit
OROM 2 MURAL A67701,6,Unit
OROM 2 MURAL A71601,6,Unit
OROM 2 MURAL A71701,6,Unit
OROM 2 MURAL A72701,13,Unit
OROM 2 MURAL A72801,10,Unit
OROM 2 MURAL A73201,21,Unit
OROM 2 MURAL A73301,6,Unit
OROM 2 MURAL A73401,6,Unit
OROM 2 MURAL A73501,1,Unit
OROM 2 MURAL A73601,5,Unit
OROM 2 MURAL A73701,12,Unit
OROM 2 MURAL A77101,11,Unit
OROM 2 MURAL A77201,6,Unit
OROM 2 MURAL A77301,6,Unit
OROM 2 MURAL A77401,14,Unit
OROM 2 MURAL A77501,12,Unit
OROM 2 MURAL EP6101,6,Unit
OROM 2 MURAL EP6102,6,Unit
OROM 2 VOA-010-01-9,14,Unit
OROM 2 VOA-010-02-8,12,Unit
OROM 2 VOA-010-03-7,12,Unit
OROM 2 VOA-010-08-2,16,Unit
TEXTURED VIBES,943,Unit
TEXTURED VIBES 205101,24,Unit
TEXTURED VIBES 205102,24,Unit
TEXTURED VIBES 205106,21,Unit
TEXTURED VIBES 205107,23,Unit
TEXTURED VIBES A77701,24,Unit
TEXTURED VIBES A77702,19,Unit
TEXTURED VIBES A77703,24,Unit
TEXTURED VIBES A77801,23,Unit
TEXTURED VIBES A77802,24,Unit
TEXTURED VIBES A77803,24,Unit
TEXTURED VIBES A77804,24,Unit
TEXTURED VIBES A77901,24,Unit
TEXTURED VIBES A77902,24,Unit
TEXTURED VIBES A77903,24,Unit
TEXTURED VIBES A77904,24,Unit
TEXTURED VIBES A77905,24,Unit
TEXTURED VIBES A78001,31,Unit
TEXTURED VIBES A78002,22,Unit
TEXTURED VIBES A78003,24,Unit
TEXTURED VIBES A78301,18,Unit
TEXTURED VIBES A78302,15,Unit
TEXTURED VIBES A78303,24,Unit
TEXTURED VIBES A78304,23,Unit
TEXTURED VIBES A78305,23,Unit
TEXTURED VIBES A78306,24,Unit
TEXTURED VIBES A78307,24,Unit
TEXTURED VIBES A78501,24,Unit
TEXTURED VIBES A78502,24,Unit
TEXTURED VIBES A78503,24,Unit
TEXTURED VIBES A78504,24,Unit
TEXTURED VIBES A78701,24,Unit
TEXTURED VIBES A78702,23,Unit
TEXTURED VIBES A78703,15,Unit
TEXTURED VIBES A78704,23,Unit
TEXTURED VIBES A78705,24,Unit
TEXTURED VIBES A78706,21,Unit
TEXTURED VIBES A78707,24,Unit
TEXTURED VIBES A78708,24,Unit
TEXTURED VIBES A78709,24,Unit
TEXTURED VIBES A78710,9,Unit
TEXTURED VIBES A78711,24,Unit
TEXTURED VIBES A78712,10,Unit
Alfa Roll 3700-1,57,ROLL
Alfa Roll 3700-2,42,ROLL
Alfa Roll 3700-3,54,ROLL
Alfa Roll 3700-4,60,ROLL
Alfa Roll 3700-5,21,ROLL
Alfa Roll 3700-6,30,ROLL
Alfa Roll 3701-1,227,ROLL
Alfa Roll 3701-2,419,ROLL
Alfa Roll 3701-3,98,ROLL
Alfa Roll 3701-4,197,ROLL
Alfa Roll 3701-5,180,ROLL
Alfa Roll 3701-6,110,ROLL
Alfa Roll 3702-1,54,ROLL
Alfa Roll 3702-2,56,ROLL
Alfa Roll 3702-3,0,ROLL
Alfa Roll 3702-4,6,ROLL
Alfa Roll 3703-1,23,ROLL
Alfa Roll 3703-2,88,ROLL
Alfa Roll 3703-3,22,ROLL
Alfa Roll 3703-4,23,ROLL
Alfa Roll 3704-1,59,ROLL
Alfa Roll 3704-2,41,ROLL
Alfa Roll 3704-3,81,ROLL
Alfa Roll 3704-4,54,ROLL
Alfa Roll 3704-5,56,ROLL
Alfa Roll 3704-6,45,ROLL
Alfa Roll 3704-7,21,ROLL
Alfa Roll 3704-8,84,ROLL
Alfa Roll 3704-9,12,ROLL
Alfa Roll 3705-1,17,ROLL
Alfa Roll 3705-2,15,ROLL
Alfa Roll 3705-3,26,ROLL
Alfa Roll 3705-4,31,ROLL
Alfa Roll 3705-5,30,ROLL
Alfa Roll 3707-1,38,ROLL
Alfa Roll 3707-2,0,ROLL
Alfa Roll 3707-3,10,ROLL
Alfa Roll 3707-4,226,ROLL
Alfa Roll 3707-5,59,ROLL
Alfa Roll 3707-6,53,ROLL
Alfa Roll 3707-7,55,ROLL
Alfa Roll 3708-1,43,ROLL
Alfa Roll 3708-2,155,ROLL
Alfa Roll 3708-3,33,ROLL
Alfa Roll 3708-4,96,ROLL
Alfa Roll 3709-1,46,ROLL
Alfa Roll 3709-2,80,ROLL
Alfa Roll 3709-3,39,ROLL
Alfa Roll 3709-4,22,ROLL
Alfa Roll 3710-1,100,ROLL
Alfa Roll 3710-2,59,ROLL
Alfa Roll 3710-3,88,ROLL
Alfa Roll 3710-4,85,ROLL
Alfa Roll 3710-5,43,ROLL
Alfa Roll 3711-1,38,ROLL
Alfa Roll 3711-2,8,ROLL
Alfa Roll 3711-3,79,ROLL
Alfa Roll 3711-4,11,ROLL
Alfa Roll 3711-5,23,ROLL
Alfa Roll 3711-6,46,ROLL
Alfa Roll 3712-1,52,ROLL
Alfa Roll 3712-2,26,ROLL
Alfa Roll 3712-3,7,ROLL
Alfa Roll 3712-4,40,ROLL
Alfa Roll 3712-5,34,ROLL
Alfa Roll 3713-1,21,ROLL
Alfa Roll 3713-2,36,ROLL
Alfa Roll 3713-3,57,ROLL
Alfa Roll 3713-4,27,ROLL
Alfa Roll 3713-5,95,ROLL
Alfa Roll 3713-6,59,ROLL
Alfa Roll 3714-1,22,ROLL
Alfa Roll 3714-2,16,ROLL
Alfa Roll 3714-3,5,ROLL
Alfa Roll 3714-4,48,ROLL
Alfa Roll 3715-1,34,ROLL
Alfa Roll 3715-2,31,ROLL
Alfa Roll 3715-3,36,ROLL
Alfa Roll 3715-4,28,ROLL
Alfa Roll 3715-5,24,ROLL
Alfa Roll 3716-1,102,ROLL
Alfa Roll 3716-2,17,ROLL
Alfa Roll 3716-3,0,ROLL
Alfa Roll 3716-4,33,ROLL
Alfa Roll 3716-5,13,ROLL
Alfa Roll 3716-6,98,ROLL
Alfa Roll 3716-7,6,ROLL
Alfa Roll 3717-1,30,ROLL
Alfa Roll 3717-2,64,ROLL
Alfa Roll 3717-3,73,ROLL
Alfa Roll 3717-4,23,ROLL
Alfa Roll 3717-5,22,ROLL
Alfa Roll 3717-6,4,ROLL
Alfa Roll 3717-7,3,ROLL
Alfa Roll 3717-8,8,ROLL
Alfa Roll 3718-1,27,ROLL
Alfa Roll 3718-2,23,ROLL
Alfa Roll 3718-3,40,ROLL
Alfa Roll 3718-4,8,ROLL
Alfa Roll 3719-1,36,ROLL
Alfa Roll 3719-2,23,ROLL
Alfa Roll 3719-3,7,ROLL
Alfa Roll 3719-4,92,ROLL
Alfa Roll 3719-5,14,ROLL
Alfa Roll 3719-6,0,ROLL
Alfa Roll 3719-7,33,ROLL
PT-AS5502,31,ROLL
PT-AS6303,70,ROLL
PT-AS7506,81,ROLL
PT-AS7603,54,ROLL
PT-VE7103,69,ROLL
PT-VE7801,61,ROLL
PT-VE8706,98,ROLL
SG-GG6003,42,ROLL
SG-GG7004,79,ROLL
SG-GG8003,0,ROLL
SG-KR1704,61,ROLL
SG-KR1705,0,ROLL
SG-LA4001,54,ROLL
SG-LA4002,50,ROLL
SP-AN2003,24,ROLL
SP-AN3003,31,ROLL
SP-AN5006,96,ROLL
SP-AN6001,31,ROLL
SP-AN6004,44,ROLL
SP-AN7002,44,ROLL
SP-AN8004,51,ROLL
SP-AN8005,46,ROLL
SP-AN8006,81,ROLL
SP-AN8007,0,ROLL
SP-AN8008,34,ROLL
SP-AR4001,53,ROLL
SP-AS2002,83,ROLL
SP-BE1005,22,ROLL
SP-BE1006,40,ROLL
SP-BS1003,19,ROLL
SP-BS1004,57,ROLL
SP-BS2001,111,ROLL
SP-BS2002,115,ROLL
SP-BS6001,63,ROLL
SP-DG4003,90,ROLL
SP-HA2001,66,ROLL
SP-HA2002,0,ROLL
SP-MT6009,71,ROLL
SP-NL5003,70,ROLL
SP-NL5005,64,ROLL
SP-NL6002,69,ROLL
SP-PV3004,61,ROLL
SP-PV5002,115,ROLL
SP-PV5005,90,ROLL
SP-PV7002,31,ROLL
SP-PV7005,31,ROLL
SP-PV7007,17,ROLL
SP-SF1001,82,ROLL
SP-SF1003,61,ROLL
SP-ST8011,95,ROLL
SP-VE5504,95,ROLL
CAS106,25,ROLL
CE-B-02,28,ROLL
CE-B-13,78,ROLL
PT-AS6201,96,ROLL
PT-AS7205,106,ROLL
PT-AS7405,120,ROLL
PT-AS7605,94,ROLL
PT-AS8301,27,ROLL
PT-AS8610,94,ROLL
PT-AS8612,34,ROLL
PT-VE10101,118,ROLL
PT-VE10304,111,ROLL
PT-VE12506,176,ROLL
PT-VE12507,98,ROLL
PT-VE7204,130,ROLL
PT-VE7804,37,ROLL
PT-VE8103,118,ROLL
PT-VE8108,101,ROLL
PT-VE8304,29,ROLL
PT-VE8401,47,ROLL
PT-VE8405,105,ROLL
PT-VE9204,96,ROLL
PT-VE9306,52,ROLL
PT-VE9402,23,ROLL
PT-VE9405,103,ROLL
PT-VE9602,44,ROLL
PT-VE9605,31,ROLL
PT-VE9610,110,ROLL
SG-FA1009,107,ROLL
SG-FA3004,28,ROLL
SG-KR1304,50,ROLL
SG-KR1404,113,ROLL
SG-LA6005,114,ROLL
SG-SL1004,110,ROLL
SG-SL1005,113,ROLL
SG-SL3002,135,ROLL
SME-G-03,54,ROLL
SP-AN8009,22,ROLL
SP-AR7008,26,ROLL
SP-AS4005,30,ROLL
SP-BS3004,101,ROLL
SP-BS3006,98,ROLL
SP-BS4006,94,ROLL
SP-BS7002,110,ROLL
SP-HA5003,29,ROLL
SP-LB7006,104,ROLL
SP-PV3001,140,ROLL
SP-SP1006,21,ROLL
SP-SP2003,135,ROLL
SP-SP2006,38,ROLL
SP-SP3002,19,ROLL
SP-ST8008,128,ROLL
SSK-D-02,9,ROLL
SST-D-01,95,ROLL
PT-AS5202,33,ROLL
PT-AS5206,30,ROLL
PT-AS5401,28,ROLL
PT-AS5404,24,ROLL
PT-AS5406,0,ROLL
SG-LA2002,26,ROLL
SG-LA3002,36,ROLL
SG-LA3004,55,ROLL
SG-SL6003,35,ROLL
SG-SL7002,29,ROLL
SG-SL7007,40,ROLL
SP-AS1001,44,ROLL
SP-AS1002,4,ROLL
SP-AS1003,15,ROLL
SP-AS1007,16,ROLL
SP-AS4603,25,ROLL
SP-AS5007,38,ROLL
SP-AS6001,22,ROLL
SP-AS6008,46,ROLL
SP-AS7002,28,ROLL
SP-AS7003,34,ROLL
SP-AS7008,26,ROLL
SP-ST5007,12,ROLL
SP-VE5101,2,ROLL
SP-VE5105,25,ROLL
SP-VE5305,46,ROLL
SP-VE5601,22,ROLL
SP-VE5602,33,ROLL
SP-VE6102,0,ROLL
SP-VE6106,23,ROLL
SP-VE6203,36,ROLL
Atelier Wallpaper Catalogue,10,Nos
F-BV7008,46,ROLL
F-CA5004,63,ROLL
F-DH4005,16,ROLL
F-DJ6002,94,ROLL
F-DJ6004,54,ROLL
F-DJ6006,86,ROLL
F-FE1004,49,ROLL
F-FE1005,35,ROLL
F-FE2002,115,ROLL
F-FE2004,85,ROLL
F-FE3001,27,ROLL
F-FE3005,60,ROLL
F-FG8004,60,ROLL
F-FG8014,68,ROLL
F-FT1001,98,ROLL
F-FT1002,73,ROLL
F-FT1003,0,ROLL
F-FT6003,60,ROLL
F-FV2007,164,ROLL
F-FV5005,109,ROLL
F-GA4010,46,ROLL
F-GA4012,91,ROLL
F-HM2004,2,ROLL
F-HM3002,70,ROLL
F-HM3003,72,ROLL
F-HM3004,67,ROLL
F-HM3006,63,ROLL
F-HM7005,113,ROLL
F-IN5005,92,ROLL
F-KA7001,57,ROLL
F-MA1005,83,ROLL
F-MA2006,77,ROLL
F-MA3001,9,ROLL
F-MA3009,106,ROLL
F-MI1002,0,ROLL
F-MI1004,14,ROLL
F-MI8004,97,ROLL
F-MY8008,54,ROLL
F-RE1011,63,ROLL
F-RE2004,67,ROLL
F-RE2005,103,ROLL
F-RE4002,43,ROLL
F-ST1003,85,ROLL
F-ST1005,51,ROLL
F-ST3001,74,ROLL
F-ST3002,46,ROLL
F-ST3003,60,ROLL
F-ST4005,106,ROLL
F-SY4001,54,ROLL
F-TL5004,69,ROLL
F-WI6002,162,ROLL
PT-AS10201,24,ROLL
PT-AS10301,36,ROLL
PT-AS9204,16,ROLL
PT-VE13501,62,ROLL
SP-SA4005,73,ROLL
SP-WG6003,59,ROLL
AURORA Wallpaper Catalogue,13,Nos
F-BV3002,22,ROLL
F-BV3004,55,ROLL
F-BV3005,22,ROLL
F-BV8002,18,ROLL
F-CA3003,22,ROLL
F-CA3004,50,ROLL
F-CA7002,37,ROLL
F-CA7006,42,ROLL
F-DH3001,23,ROLL
F-DH3002,0,ROLL
F-DH4002,42,ROLL
F-DH5001,30,ROLL
F-DH5002,45,ROLL
F-DH5003,25,ROLL
F-DH7002,32,ROLL
F-DH7003,36,ROLL
F-DH7007,51,ROLL
F-FT6004,59,ROLL
F-HM4006,28,ROLL
F-HM7004,41,ROLL
F-IN7012,35,ROLL
F-KA3004,25,ROLL
F-KA3005,29,ROLL
F-MA1001,21,ROLL
F-MA3010,56,ROLL
F-MI5002,31,ROLL
F-MI5005,46,ROLL
F-MI5006,54,ROLL
F-OR6005,29,ROLL
F-OR6006,48,ROLL
F-OR8009,38,ROLL
F-RE2002,15,ROLL
F-RE4004,37,ROLL
F-VA4002,46,ROLL
F-WH3003,41,ROLL
F-WI4002,27,ROLL
F-WI4004,58,ROLL
F-WI6009,53,ROLL
PT-AS10506,23,ROLL
PT-AS10608,33,ROLL
PT-VE13203,45,ROLL
PT-VE13204,53,ROLL
PT-VE13301,23,ROLL
PT-VE13302,31,ROLL
PT-VE13303,50,ROLL
PT-VE14601,29,ROLL
PT-VE14603,25,ROLL
PT-VE14708,41,ROLL
PT-VE14710,28,ROLL
SP-IG7007,37,ROLL
SP-SA1004,46,ROLL
SP-WG6010,24,ROLL
Baroque Wallpaper Catalogue,10,Nos
F-DH5004,59,ROLL
F-DH7008,74,ROLL
F-DJ4003,51,ROLL
F-EP3002,23,ROLL
F-EP3005,60,ROLL
F-EP3007,54,ROLL
F-FE4003,68,ROLL
F-FE4004,92,ROLL
F-FE6004,115,ROLL
F-FE6005,167,ROLL
F-FE6006,84,ROLL
F-FE6008,0,ROLL
F-FT7007,61,ROLL
F-GA1001,56,ROLL
F-GA1002,58,ROLL
F-GA1004,53,ROLL
F-GA1006,69,ROLL
F-GA4001,65,ROLL
F-HM7006,49,ROLL
F-KA2002,99,ROLL
F-KA2003,63,ROLL
F-MA1008,49,ROLL
F-MI3003,101,ROLL
F-MI3004,57,ROLL
F-MI3005,61,ROLL
F-MI5001,71,ROLL
F-MI5003,68,ROLL
F-MI6002,62,ROLL
F-MI7003,103,ROLL
F-MI7004,67,ROLL
F-MI7005,145,ROLL
F-MI7006,98,ROLL
F-OR8011,58,ROLL
F-RE1007,49,ROLL
F-RE2007,64,ROLL
F-RE4005,51,ROLL
F-ST4003,127,ROLL
F-ST8002,64,ROLL
F-SY6004,49,ROLL
F-VA5003,0,ROLL
F-WI1001,40,ROLL
F-WI1003,65,ROLL
F-WI2002,49,ROLL
F-WI2003,109,ROLL
F-WI3005,124,ROLL
F-WI5005,30,ROLL
F-WI5006,79,ROLL
F-WI6001,47,ROLL
PT-AS10306,94,ROLL
PT-AS9303,69,ROLL
PT-AS9305,63,ROLL
PT-AS9503,63,ROLL
PT-AS9610,101,ROLL
PT-VE13102,49,ROLL
PT-VE13103,52,ROLL
PT-VE13104,124,ROLL
PT-VE13105,53,ROLL
PT-VE13201,108,ROLL
PT-VE13202,61,ROLL
PT-VE13304,63,ROLL
PT-VE13406,76,ROLL
PT-VE13507,97,ROLL
PT-VE14505,54,ROLL
SP-WG6004,77,ROLL
SP-WG6008,49,ROLL
PT-AS5203,0,ROLL
PT-AS5303,13,ROLL
PT-AS5305,25,ROLL
PT-AS5403,0,ROLL
PT-AS5606,123,ROLL
SG-LA2005,0,ROLL
SG-LA2006,0,ROLL
SG-LA5002,42,ROLL
SG-LA5004,33,ROLL
SG-SL2001,0,ROLL
SG-SL3005,120,ROLL
SG-SL3006,0,ROLL
SG-SL7001,63,ROLL
SG-SL7005,57,ROLL
SP-AS1006,0,ROLL
SP-AS4102,0,ROLL
SP-AS4401,38,ROLL
SP-AS4402,18,ROLL
SP-AS4405,0,ROLL
SP-AS5003,16,ROLL
SP-AS5005,36,ROLL
SP-AS5008,27,ROLL
SP-AS6003,1,ROLL
SP-AS6005,3,ROLL
SP-AS6006,5,ROLL
SP-AS7001,2,ROLL
SP-AS7004,39,ROLL
SP-LB6002,95,ROLL
SP-LB6004,0,ROLL
SP-LB6006,20,ROLL
SP-LB6007,46,ROLL
SP-ST5002,4,ROLL
SP-ST5003,31,ROLL
SP-VE5103,0,ROLL
SP-VE5303,18,ROLL
SP-VE5402,70,ROLL
SP-VE5403,96,ROLL
SP-VE5404,26,ROLL
SP-VE5405,71,ROLL
SP-VE5604,0,ROLL
SP-VE5606,28,ROLL
SP-VE5607,83,ROLL
SP-VE6101,16,ROLL
SP-VE6107,59,ROLL
SP-VE6108,51,ROLL
SP-VE6206,35,ROLL
Beta 1101-1,131,ROLL
Beta 1101-2,220,ROLL
Beta 1101-3,247,ROLL
Beta 1101-4,65,ROLL
Beta 1101-5,70,ROLL
Beta 1101-6,42,ROLL
Beta 1101-7,49,ROLL
Beta 1102-1,2,ROLL
Beta 1102-2,0,ROLL
Beta 1102-3,4,ROLL
Beta 1102-4,46,ROLL
Beta 1102-5,20,ROLL
Beta 1102-6,0,ROLL
Beta 1103-1,25,ROLL
Beta 1103-2,42,ROLL
Beta 1103-3,0,ROLL
Beta 1103-4,41,ROLL
Beta 1103-5,103,ROLL
Beta 1103-6,26,ROLL
Beta 1104-1,84,ROLL
Beta 1104-2,59,ROLL
Beta 1104-3,343,ROLL
Beta 1104-4,148,ROLL
Beta 1104-5,249,ROLL
Beta 1104-6,208,ROLL
Beta 1104-7,85,ROLL
Beta 1104-8,156,ROLL
Beta 1105-1,10,ROLL
Beta 1105-2,12,ROLL
Beta 1105-3,16,ROLL
Beta 1105-4,4,ROLL
Beta 1105-5,11,ROLL
Beta 1105-6,30,ROLL
Beta 1106-1,0,ROLL
Beta 1106-2,21,ROLL
Beta 1106-3,42,ROLL
Beta 1106-4,21,ROLL
Beta 1106-5,0,ROLL
Beta 1106-6,1,ROLL
Beta 1107-1,0,ROLL
Beta 1107-2,39,ROLL
Beta 1107-3,23,ROLL
Beta 1107-4,39,ROLL
Beta 1107-5,36,ROLL
Beta 1108-1,45,ROLL
Beta 1108-2,30,ROLL
Beta 1108-3,27,ROLL
Beta 1108-4,46,ROLL
Beta 1108-5,65,ROLL
Beta 1108-6,0,ROLL
Beta 1109-1,82,ROLL
Beta 1109-2,88,ROLL
Beta 1109-3,26,ROLL
Beta 1109-4,45,ROLL
Beta 1110-1,115,ROLL
Beta 1110-2,115,ROLL
Beta 1110-3,104,ROLL
Beta 1110-4,84,ROLL
Beta 1110-5,93,ROLL
Beta 1110-6,11,ROLL
Beta 1110-7,59,ROLL
Beta 1111-1,5,ROLL
Beta 1111-2,27,ROLL
Beta 1111-3,17,ROLL
Beta 1111-4,41,ROLL
Beta 1111-5,8,ROLL
Beta 1112-1,183,ROLL
Beta 1112-2,289,ROLL
Beta 1112-3,93,ROLL
Beta 1112-4,127,ROLL
Beta 1112-5,116,ROLL
Beta 1112-6,74,ROLL
Beta 1112-7,112,ROLL
Beta 1112-8,51,ROLL
Beta 1113-1,5,ROLL
Beta 1113-2,129,ROLL
Beta 1113-3,223,ROLL
Beta 1113-4,39,ROLL
Beta 1113-5,38,ROLL
Beta 1113-6,33,ROLL
Beta 1113-7,29,ROLL
Beta 1113-8,1,ROLL
Beta 1113-9,13,ROLL
Beta Catalog (Big),56,Pcs.
Beta Catalog (Small),93,Pcs.
PT-AS5505,47,ROLL
PT-AS5607,33,ROLL
PT-AS6205,26,ROLL
PT-AS6404,40,ROLL
PT-AS6608,20,ROLL
PT-AS7101,23,ROLL
PT-AS7404,46,ROLL
PT-AS7507,40,ROLL
PT-AS8104,43,ROLL
PT-AS8201,30,ROLL
PT-AS8303,58,ROLL
PT-AS8305,43,ROLL
PT-VE10204,53,ROLL
PT-VE11702,27,ROLL
PT-VE12804,44,ROLL
PT-VE7303,39,ROLL
PT-VE7806,26,ROLL
PT-VE8205,34,ROLL
PT-VE9201,27,ROLL
PT-VE9403,28,ROLL
PT-VE9503,41,ROLL
PT-VE9603,45,ROLL
PT-VE9608,24,ROLL
SG-FA1008,27,ROLL
SG-GG2005,30,ROLL
SG-KR1203,29,ROLL
SG-KR1204,17,ROLL
SG-KR1403,49,ROLL
SG-KR1501,8,ROLL
SG-LA1001,16,ROLL
SG-SL6005,53,ROLL
SP-AR6003,32,ROLL
SP-BS1001,56,ROLL
SP-BS2004,11,ROLL
SP-BS6009,27,ROLL
SP-DG7010,57,ROLL
SP-HA3001,38,ROLL
SP-LB1004,24,ROLL
SP-LB2007,25,ROLL
SP-LB4001,1,ROLL
SP-LB6008,53,ROLL
SP-MT1002,26,ROLL
SP-MT2002,40,ROLL
SP-MT3003,50,ROLL
SP-MT6008,41,ROLL
SP-NL3001,38,ROLL
SP-NL4005,48,ROLL
SP-NL6006,35,ROLL
SP-PV6001,52,ROLL
SP-SF4001,21,ROLL
SP-SP2011,58,ROLL
SP-ST8010,29,ROLL
SP-VE5304,28,ROLL
Bumble Bee Roll F-MD10001,48,ROLL
Bumble Bee Roll F-MD10002,22,ROLL
Bumble Bee Roll F-MD10003,54,ROLL
Bumble Bee Roll F-MD10004,52,ROLL
Bumble Bee Roll F-MD1001A,1,ROLL
Bumble Bee Roll F-MD1002A,0,ROLL
Bumble Bee Roll F-MD11001,3,ROLL
Bumble Bee Roll F-MD11002,9,ROLL
Bumble Bee Roll F-MD11003,14,ROLL
Bumble Bee Roll F-MD11004,0,ROLL
Bumble Bee Roll F-MD11005,17,ROLL
Bumble Bee Roll F-MD11006,23,ROLL
Bumble Bee Roll F-MD11007,1,ROLL
Bumble Bee Roll F-MD11008,59,ROLL
Bumble Bee Roll F-MD11009,26,ROLL
Bumble Bee Roll F-MD11010,27,ROLL
Bumble Bee Roll F-MD11011,33,ROLL
Bumble Bee Roll F-MD12001,22,ROLL
Bumble Bee Roll F-MD12002,8,ROLL
Bumble Bee Roll F-MD12003,21,ROLL
Bumble Bee Roll F-MD12004,21,ROLL
Bumble Bee Roll F-MD12005,7,ROLL
Bumble Bee Roll F-MD12006,20,ROLL
Bumble Bee Roll F-MD12007,14,ROLL
Bumble Bee Roll F-MD12008,9,ROLL
Bumble Bee Roll F-MD12009,6,ROLL
Bumble Bee Roll F-MD12010,45,ROLL
Bumble Bee Roll F-MD12011,10,ROLL
Bumble Bee Roll F-MD12012,8,ROLL
Bumble Bee Roll F-MD12013,15,ROLL
Bumble Bee Roll F-MD13001,1,ROLL
Bumble Bee Roll F-MD13002,9,ROLL
Bumble Bee Roll F-MD13003,14,ROLL
Bumble Bee Roll F-MD13004,41,ROLL
Bumble Bee Roll F-MD13005,31,ROLL
Bumble Bee Roll F-MD13006,41,ROLL
Bumble Bee Roll F-MD2001,0,ROLL
Bumble Bee Roll F-MD2002,3,ROLL
Bumble Bee Roll F-MD3001,2,ROLL
Bumble Bee Roll F-MD3003,7,ROLL
Bumble Bee Roll F-MD4001,12,ROLL
Bumble Bee Roll F-MD4002,9,ROLL
Bumble Bee Roll F-MD4003,42,ROLL
Bumble Bee Roll F-MD4004,4,ROLL
Bumble Bee Roll F-MD5001,5,ROLL
Bumble Bee Roll F-MD5002,0,ROLL
Bumble Bee Roll F-MD5003,3,ROLL
Bumble Bee Roll F-MD5004,2,ROLL
Bumble Bee Roll F-MD6001,1,ROLL
Bumble Bee Roll F-MD6002,15,ROLL
Bumble Bee Roll F-MD6003,26,ROLL
Bumble Bee Roll F-MD7001,7,ROLL
Bumble Bee Roll F-MD7002,10,ROLL
Bumble Bee Roll F-MD7003,3,ROLL
Bumble Bee Roll F-MD7004,14,ROLL
Bumble Bee Roll F-MD8001,0,ROLL
Bumble Bee Roll F-MD8002,0,ROLL
Bumble Bee Roll F-MD8003,20,ROLL
Bumble Bee Roll F-MD8004,10,ROLL
Bumble Bee Roll F-MD8005,51,ROLL
Bumble Bee Roll F-MD9001,4,ROLL
Bumble Bee Roll F-MD9002,53,ROLL
Bumble Bee Roll F-MD9003,28,ROLL
CHALK Wallpaper Catalogue,10,Nos
F-AE1002,47,ROLL
F-AE4003,32,ROLL
F-AE5003,44,ROLL
F-AE6001,43,ROLL
F-CA5001,31,ROLL
F-CA5003,19,ROLL
F-CA6002,47,ROLL
F-DJ3001,40,ROLL
F-EP4001,53,ROLL
F-EP4002,32,ROLL
F-EP4004,25,ROLL
F-FE1001,44,ROLL
F-FE1002,46,ROLL
F-FE1003,42,ROLL
F-FE2001,34,ROLL
F-FE2003,27,ROLL
F-FE3004,35,ROLL
F-FE3006,30,ROLL
F-FE4002,42,ROLL
F-FE5001,54,ROLL
F-FL1004,46,ROLL
F-FL1005,36,ROLL
F-FL2002,40,ROLL
F-FL2004,36,ROLL
F-FL3001,22,ROLL
F-FL4003,57,ROLL
F-FL5004,29,ROLL
F-FV6003,58,ROLL
F-KA5006,25,ROLL
F-KA7003,26,ROLL
F-MI2001,28,ROLL
F-ST2001,41,ROLL
F-ST5001,41,ROLL
F-ST6001,50,ROLL
F-TL1001,55,ROLL
F-TL1003,54,ROLL
F-TL1006,46,ROLL
F-TL1301,57,ROLL
F-TL2002,24,ROLL
F-TL2004,28,ROLL
F-TL3003,46,ROLL
F-TL4001,21,ROLL
F-TL4002,33,ROLL
F-TL5001,45,ROLL
F-TL5003,30,ROLL
F-TL7001,48,ROLL
F-TL7003,56,ROLL
F-TL8001,29,ROLL
F-TL9003,28,ROLL
F-VA1001,38,ROLL
F-VA3004,26,ROLL
F-WH2003,21,ROLL
F-WH4001,45,ROLL
F-WH4005,45,ROLL
BW-YH5001,25,ROLL
CAS404,19,ROLL
CAS407,39,ROLL
CE-C-10,44,ROLL
PT-AS6606,21,ROLL
PT-AS7206,54,ROLL
PT-AS7604,38,ROLL
PT-AS7706,26,ROLL
PT-AS8306,32,ROLL
PT-AS8609,59,ROLL
PT-VE10106,60,ROLL
PT-VE12106,27,ROLL
PT-VE12201,57,ROLL
PT-VE12202,32,ROLL
PT-VE12204,29,ROLL
PT-VE12301,31,ROLL
PT-VE12303,35,ROLL
PT-VE12501,134,ROLL
PT-VE12503,34,ROLL
PT-VE12505,30,ROLL
PT-VE7202,34,ROLL
PT-VE8305,36,ROLL
PT-VE9103,43,ROLL
PT-VE9206,50,ROLL
PT-VE9301,46,ROLL
SCL-B-04,14,ROLL
SG-FA1010,40,ROLL
SG-FA2009,59,ROLL
SG-FA3002,23,ROLL
SG-GG3005,40,ROLL
SG-GG4001,35,ROLL
SG-GG5002,21,ROLL
SG-KR1105,33,ROLL
SG-SL4005,20,ROLL
SME-J-05,23,ROLL
SP-AR3001,50,ROLL
SP-AR3003,57,ROLL
SP-AR5002,42,ROLL
SP-BS5005,29,ROLL
SP-BS6006,32,ROLL
SP-BS6008,42,ROLL
SP-DG2003,49,ROLL
SP-HA4002,50,ROLL
SP-LB7005,52,ROLL
SP-SF3001,45,ROLL
SP-SF5008,53,ROLL
SP-SF7002,28,ROLL
SP-SP1001,26,ROLL
SP-SP1003,53,ROLL
SP-VE5306,27,ROLL
SP-VE5406,34,ROLL
SP-VE5506,28,ROLL
DAZZLE Wallpaper Catalogue,10,Nos
F-BV5001,42,ROLL
F-BV5003,28,ROLL
F-BV5005,18,ROLL
F-CA4001,38,ROLL
F-EP5005,52,ROLL
F-FG1005,54,ROLL
F-IN6007,27,ROLL
F-MI4004,18,ROLL
F-MY8005,18,ROLL
F-OR3002,50,ROLL
F-OR3004,31,ROLL
F-OR7001,42,ROLL
F-OR7005,55,ROLL
F-RE1006,18,ROLL
F-RE1012,45,ROLL
F-RE3002,31,ROLL
F-RE3003,52,ROLL
F-ST4002,13,ROLL
F-ST7009,31,ROLL
F-WH5004,52,ROLL
F-WH7002,41,ROLL
F-WH7004,23,ROLL
F-WI6004,54,ROLL
F-WI6007,0,ROLL
F-WI7003,21,ROLL
PT-AS10403,29,ROLL
PT-AS10504,24,ROLL
PT-AS10507,48,ROLL
PT-AS9403,50,ROLL
PT-AS9406,25,ROLL
PT-VE13407,21,ROLL
PT-VE13408,41,ROLL
PT-VE13409,25,ROLL
PT-VE13602,25,ROLL
PT-VE14101,27,ROLL
PT-VE14103,32,ROLL
PT-VE14203,27,ROLL
PT-VE14204,55,ROLL
PT-VE14301,14,ROLL
SP-IG3002,39,ROLL
SP-IG4003,31,ROLL
SP-IG4004,33,ROLL
SP-IG5001,51,ROLL
SP-IG5003,25,ROLL
SP-SA3005,41,ROLL
SP-SA4008,47,ROLL
SP-SA5001,35,ROLL
SP-SA5004,52,ROLL
SP-SA6007,56,ROLL
SP-SA6010,52,ROLL
Dream Wallpaper Catalogue,10,Nos
F-AE1001,107,ROLL
F-AE1003,67,ROLL
F-AE1004,59,ROLL
F-AE4001,93,ROLL
F-AE4002,75,ROLL
F-AE6004,72,ROLL
F-AE6006,85,ROLL
F-AE7002,103,ROLL
F-AE7003,54,ROLL
F-AE8005,66,ROLL
F-BV1004,55,ROLL
F-BV2001,81,ROLL
F-CA1001,207,ROLL
F-CA1002,104,ROLL
F-CA1003,160,ROLL
F-CA1004,120,ROLL
F-CA6003,81,ROLL
F-CA7005,68,ROLL
F-CA7012,111,ROLL
F-DJ5006,43,ROLL
F-FE5003,56,ROLL
F-FE7003,71,ROLL
F-FL1003,114,ROLL
F-FL1006,95,ROLL
F-FL2001,115,ROLL
F-FL2003,100,ROLL
F-FL2006,154,ROLL
F-FL3003,88,ROLL
F-FL3004,79,ROLL
F-FL4001,94,ROLL
F-FL4005,55,ROLL
F-FL5002,117,ROLL
F-FL5005,74,ROLL
F-FT2002,100,ROLL
F-FT2004,160,ROLL
F-FT4004,92,ROLL
F-HM5003,100,ROLL
F-KA4001,152,ROLL
F-KA4002,52,ROLL
F-KA4005,129,ROLL
F-KA5004,102,ROLL
F-KA6001,78,ROLL
F-KA6002,78,ROLL
F-KA6003,54,ROLL
F-KA6004,105,ROLL
F-KA7004,113,ROLL
F-MI4001,121,ROLL
F-OR2002,80,ROLL
F-OR3001,63,ROLL
F-OR8012,53,ROLL
F-ST2002,100,ROLL
F-ST2003,86,ROLL
F-ST2004,92,ROLL
F-ST2005,102,ROLL
F-ST3005,131,ROLL
F-ST5003,225,ROLL
F-ST6004,95,ROLL
F-TL2003,45,ROLL
F-TL4004,78,ROLL
F-TL6004,48,ROLL
F-TL8002,115,ROLL
F-TL8003,113,ROLL
PT-AS10102,29,ROLL
PT-AS10103,11,ROLL
CE-A-01,35,ROLL
CE-A-11,72,ROLL
CE-B-03,59,ROLL
PT-AS6405,79,ROLL
PT-AS6406,127,ROLL
PT-AS7103,75,ROLL
PT-AS7201,68,ROLL
PT-AS7402,1,ROLL
PT-AS8302,0,ROLL
PT-VE10202,41,ROLL
PT-VE10203,74,ROLL
PT-VE7401,55,ROLL
PT-VE8105,39,ROLL
PT-VE8303,83,ROLL
PT-VE8402,22,ROLL
PT-VE9307,66,ROLL
PT-VE9404,81,ROLL
PT-VE9505,50,ROLL
PT-VE9609,93,ROLL
SG-FA2005,36,ROLL
SG-FA3006,73,ROLL
SG-GG2001,0,ROLL
SG-GG3001,0,ROLL
SG-GG3004,78,ROLL
SG-GG6001,58,ROLL
SG-GG7002,89,ROLL
SG-KR1502,0,ROLL
SG-LA6003,43,ROLL
SGR-A-01,41,ROLL
SG-SL1002,33,ROLL
SG-SL1003,30,ROLL
SG-SL2003,0,ROLL
SG-SL6004,80,ROLL
SP-AR2001,62,ROLL
SP-AR2003,42,ROLL
SP-AR6002,0,ROLL
SP-AR7006,71,ROLL
SP-AS4004,39,ROLL
SP-AS7006,73,ROLL
SP-BS5004,62,ROLL
SP-BS6010,71,ROLL
SP-DG3003,60,ROLL
SP-HA4004,74,ROLL
SP-HA4005,52,ROLL
SP-HA6004,43,ROLL
SP-NL6007,47,ROLL
SP-PV3003,15,ROLL
SP-PV4002,39,ROLL
SP-PV6002,59,ROLL
SP-VE5505,69,ROLL
SP-VE5605,65,ROLL
EL3701,36,ROLL
EL3703,123,ROLL
EL3704,86,ROLL
EL3705,118,ROLL
EL3706,121,ROLL
EL3711,0,ROLL
EL3713,4,ROLL
EL3715,13,ROLL
EL3721,49,ROLL
EL3722,81,ROLL
EL3723,31,ROLL
EL3724,96,ROLL
EL3726,121,ROLL
EL3731,49,ROLL
EL3732,99,ROLL
EL3733,108,ROLL
EL3734,63,ROLL
EL3736,100,ROLL
EL3738,130,ROLL
EL3741,58,ROLL
EL3744,62,ROLL
EL3745,84,ROLL
EL3746,108,ROLL
EL3748,116,ROLL
EL3751,15,ROLL
EL3752,1,ROLL
EL3755,0,ROLL
EL3757,0,ROLL
EL3758,14,ROLL
EL3762,0,ROLL
EL3765,5,ROLL
EL3766,14,ROLL
EL3767,0,ROLL
EL3768,20,ROLL
EL3772,16,ROLL
EL3773,6,ROLL
EL3776,32,ROLL
EL3777,23,ROLL
EL3782,40,ROLL
EL3784,110,ROLL
EL3786,117,ROLL
EL3788,120,ROLL
EL3793,0,ROLL
EL3794,2,ROLL
EL3806,10,ROLL
EL3808,50,ROLL
Enigma EN-1001,112,ROLL
Enigma EN-1002,263,ROLL
Enigma EN-1003,128,ROLL
Enigma EN-1004,107,ROLL
Enigma EN-1005,168,ROLL
Enigma EN-1006,94,ROLL
Enigma EN-1007,2,ROLL
Enigma EN-1008,54,ROLL
Enigma EN-1009,120,ROLL
Enigma EN-1010,65,ROLL
Enigma EN-1011,114,ROLL
Enigma EN-1012,122,ROLL
Enigma EN-1013,198,ROLL
Enigma EN-1014,69,ROLL
Enigma EN-1015,85,ROLL
Enigma EN-1016,42,ROLL
Enigma EN-1017,34,ROLL
Enigma EN-1018,55,ROLL
Enigma EN-1019,46,ROLL
Enigma EN-1020,141,ROLL
Enigma EN-1021,50,ROLL
Enigma EN-1022,69,ROLL
Enigma EN-1023,184,ROLL
Enigma EN-1024,78,ROLL
Enigma EN-1025,208,ROLL
Enigma EN-1026,125,ROLL
Enigma EN-1027,64,ROLL
Enigma EN-1028,223,ROLL
Enigma EN-1029,64,ROLL
Enigma EN-1030,21,ROLL
Enigma EN-1031,0,ROLL
Enigma EN-1032,0,ROLL
Enigma EN-1033,0,ROLL
Enigma EN-1034,342,ROLL
Enigma EN-1035,42,ROLL
Enigma EN-1036,86,ROLL
Enigma EN-1037,235,ROLL
Enigma EN-1038,71,ROLL
Enigma EN-1039,273,ROLL
Enigma EN-1040,198,ROLL
Enigma EN-1041,138,ROLL
Enigma EN-1042,58,ROLL
Enigma EN-1043,194,ROLL
Enigma EN-1044,65,ROLL
Enigma EN-1045,25,ROLL
Enigma EN-1046,91,ROLL
Enigma EN-1047,19,ROLL
Enigma EN-1048,114,ROLL
Enigma EN-1049,61,ROLL
Enigma EN-1050,107,ROLL
Enigma EN-1051,62,ROLL
Enigma EN-1052,92,ROLL
Enigma EN-1053,82,ROLL
CE-A-02,59,ROLL
CE-A-05,125,ROLL
CE-C-08,67,ROLL
PT-AS6203,130,ROLL
PT-AS8106,49,ROLL
PT-AS8405,62,ROLL
PT-VE10301,62,ROLL
PT-VE10505,107,ROLL
PT-VE11402,76,ROLL
PT-VE11607,70,ROLL
PT-VE11705,78,ROLL
PT-VE12403,151,ROLL
PT-VE12703,72,ROLL
PT-VE7304,114,ROLL
PT-VE8107,63,ROLL
PT-VE9303,37,ROLL
PT-VE9611,97,ROLL
SG-GG2003,77,ROLL
SG-GG6002,159,ROLL
SG-GG8002,126,ROLL
SG-LA6006,57,ROLL
SG-SL1006,89,ROLL
SIP-D-13,97,ROLL
SP-AN3005,77,ROLL
SP-AN5005,86,ROLL
SP-AN6008,20,ROLL
SP-AR2005,60,ROLL
SP-AR7009,61,ROLL
SP-BE8001,91,ROLL
SP-BS3002,97,ROLL
SP-BS4002,104,ROLL
SP-HA1003,33,ROLL
SP-LB1001,46,ROLL
SP-LB7007,69,ROLL
SP-MT2006,30,ROLL
SP-MT3002,67,ROLL
SP-MT5005,83,ROLL
SP-MT5007,64,ROLL
SP-NL1002,41,ROLL
SP-NL6005,73,ROLL
SP-PV4005,95,ROLL
SP-SF1002,61,ROLL
SP-SF2001,61,ROLL
SP-SF2003,84,ROLL
SP-SF4002,63,ROLL
SP-SF4003,77,ROLL
SP-SF7006,57,ROLL
SP-SP1005,19,ROLL
SP-SP1015,70,ROLL
SP-VE6204,140,ROLL
SP-VE6205,97,ROLL
SSA-C-07,59,ROLL
SWD-E-02,39,ROLL
SWD-E-03,70,ROLL
F-AE7001,39,ROLL
F-AE7004,34,ROLL
F-BV2003,34,ROLL
F-BV6003,50,ROLL
F-DJ5003,25,ROLL
F-FE7002,53,ROLL
F-FL6006,43,ROLL
F-FT2001,39,ROLL
F-FT2005,30,ROLL
F-FT3001,48,ROLL
F-FT3002,35,ROLL
F-FT4002,59,ROLL
F-FT4003,44,ROLL
F-GA2001,24,ROLL
F-GA2002,39,ROLL
F-GA2006,33,ROLL
F-HM2001,51,ROLL
F-HM3001,19,ROLL
F-HM3005,57,ROLL
F-IN7009,35,ROLL
F-KA1003,25,ROLL
F-KA8003,20,ROLL
FLORA FANTASY Wallpaper Catalogue,12,Nos
F-MA2007,8,ROLL
F-MI1001,21,ROLL
F-MI1003,34,ROLL
F-OR2003,41,ROLL
F-OR2004,23,ROLL
F-OR8004,34,ROLL
F-RE1002,93,ROLL
F-RE4001,28,ROLL
F-RE4009,22,ROLL
F-ST1002,39,ROLL
F-ST7006,48,ROLL
F-SY3002,54,ROLL
F-SY4003,14,ROLL
F-SY6008,33,ROLL
F-WH1004,39,ROLL
PT-AS10101,23,ROLL
PT-AS10106,34,ROLL
PT-AS10202,26,ROLL
PT-AS10203,46,ROLL
PT-AS10206,49,ROLL
PT-AS10503,44,ROLL
PT-AS9102,21,ROLL
PT-AS9103,32,ROLL
PT-AS9201,47,ROLL
PT-AS9202,24,ROLL
PT-AS9203,31,ROLL
PT-AS9608,47,ROLL
PT-AS9611,37,ROLL
PT-VE13605,28,ROLL
PT-VE14604,49,ROLL
PT-VE14702,26,ROLL
SP-IG6001,34,ROLL
SP-SA1005,47,ROLL
SP-WG1004,46,ROLL
F-DH6001,49,ROLL
F-DH6003,19,ROLL
F-DH6005,51,ROLL
F-DH8001,21,ROLL
F-DH8002,26,ROLL
F-DH8004,44,ROLL
F-DH8007,37,ROLL
F-DH8008,37,ROLL
F-DH8010,29,ROLL
F-FG2003,36,ROLL
F-FG3004,57,ROLL
F-FG3006,36,ROLL
F-FG3007,51,ROLL
F-FG4002,37,ROLL
F-FG8013,31,ROLL
F-FL6010,24,ROLL
F-FT7005,53,ROLL
F-FV1003,52,ROLL
F-FV2001,43,ROLL
F-FV2010,49,ROLL
F-FV2011,35,ROLL
F-FV3001,50,ROLL
F-FV3004,42,ROLL
F-FV4001,23,ROLL
F-FV4002,45,ROLL
F-FV4003,52,ROLL
F-HM8004,48,ROLL
F-HM8009,16,ROLL
F-IN5008,33,ROLL
F-MA3004,47,ROLL
F-MY3002,53,ROLL
F-MY3003,41,ROLL
F-MY3005,4,ROLL
F-MY4001,29,ROLL
F-MY4003,23,ROLL
F-MY4004,30,ROLL
F-MY4006,44,ROLL
F-MY6003B,45,ROLL
F-MY8007,29,ROLL
F-OR4002,51,ROLL
FOREST FRIENDS Wallpaper Catalogue,11,Nos
F-RE2009,35,ROLL
F-RE4006,42,ROLL
F-ST8004,36,ROLL
F-VA4007,25,ROLL
PT-AS10607,51,ROLL
PT-AS9501,18,ROLL
PT-AS9502,28,ROLL
PT-AS9506,18,ROLL
PT-VE13607,40,ROLL
PT-VE14606,45,ROLL
SP-SA2003,41,ROLL
SP-SA2006,33,ROLL
Garden Wallpaper Roll SP-WG1001,1,ROLL
Garden Wallpaper Roll SP-WG1002,0,ROLL
Garden Wallpaper Roll SP-WG1003,0,ROLL
Garden Wallpaper Roll SP-WG1004,4,ROLL
Garden Wallpaper Roll SP-WG1005,0,ROLL
Garden Wallpaper Roll SP-WG2001,30,ROLL
Garden Wallpaper Roll SP-WG2002,7,ROLL
Garden Wallpaper Roll SP-WG2003,15,ROLL
Garden Wallpaper Roll SP-WG3001,0,ROLL
Garden Wallpaper Roll SP-WG3002,6,ROLL
Garden Wallpaper Roll SP-WG3003,0,ROLL
Garden Wallpaper Roll SP-WG3004,0,ROLL
Garden Wallpaper Roll SP-WG3005,40,ROLL
Garden Wallpaper Roll SP-WG4001,1,ROLL
Garden Wallpaper Roll SP-WG4002,30,ROLL
Garden Wallpaper Roll SP-WG4003,2,ROLL
Garden Wallpaper Roll SP-WG4004,46,ROLL
Garden Wallpaper Roll SP-WG4005,39,ROLL
Garden Wallpaper Roll SP-WG4006,52,ROLL
Garden Wallpaper Roll SP-WG4007,54,ROLL
Garden Wallpaper Roll SP-WG5001,5,ROLL
Garden Wallpaper Roll SP-WG5002,0,ROLL
Garden Wallpaper Roll SP-WG5003,0,ROLL
Garden Wallpaper Roll SP-WG5004,39,ROLL
Garden Wallpaper Roll SP-WG5005,14,ROLL
Garden Wallpaper Roll SP-WG6001,49,ROLL
Garden Wallpaper Roll SP-WG6002,0,ROLL
Garden Wallpaper Roll SP-WG6003,17,ROLL
Garden Wallpaper Roll SP-WG6004,15,ROLL
Garden Wallpaper Roll SP-WG6005,0,ROLL
Garden Wallpaper Roll SP-WG6006,49,ROLL
Garden Wallpaper Roll SP-WG6007,31,ROLL
Garden Wallpaper Roll SP-WG6008,25,ROLL
Garden Wallpaper Roll SP-WG6009,36,ROLL
Garden Wallpaper Roll SP-WG6010,12,ROLL
Golden Dynasty Roll-2920101,0,ROLL
Golden Dynasty Roll-2920102,0,ROLL
Golden Dynasty Roll-2920103,3,ROLL
Golden Dynasty Roll-2920104,8,ROLL
Golden Dynasty Roll-2920105,4,ROLL
Golden Dynasty Roll-2920106,11,ROLL
Golden Dynasty Roll-2920201,45,ROLL
Golden Dynasty Roll-2920202,15,ROLL
Golden Dynasty Roll-2920203,21,ROLL
Golden Dynasty Roll-2920301,50,ROLL
Golden Dynasty Roll-2920302,7,ROLL
Golden Dynasty Roll-2920303,17,ROLL
Golden Dynasty Roll-2920304,17,ROLL
Golden Dynasty Roll-2920305,49,ROLL
Golden Dynasty Roll-2920401,21,ROLL
Golden Dynasty Roll-2920402,142,ROLL
Golden Dynasty Roll-2920403,0,ROLL
Golden Dynasty Roll-2920404,79,ROLL
Golden Dynasty Roll-2920405,49,ROLL
Golden Dynasty Roll-2920406,70,ROLL
Golden Dynasty Roll-292045,2,ROLL
Golden Dynasty Roll-2920501,29,ROLL
Golden Dynasty Roll-2920502,2,ROLL
Golden Dynasty Roll-2920601,39,ROLL
Golden Dynasty Roll-2920602,17,ROLL
Golden Dynasty Roll-2920603,29,ROLL
Golden Dynasty Roll-2920604,9,ROLL
Golden Dynasty Roll-2920605,20,ROLL
Golden Dynasty Roll-2920701,46,ROLL
Golden Dynasty Roll-2920702,5,ROLL
Golden Dynasty Roll-2920703,62,ROLL
Golden Dynasty Roll-2920704,57,ROLL
Golden Dynasty Roll-2920705,138,ROLL
Golden Dynasty Roll-2920801,26,ROLL
Golden Dynasty Roll-2920802,9,ROLL
Golden Dynasty Roll-2920803,1,ROLL
Golden Dynasty Roll-2920901,28,ROLL
Golden Dynasty Roll-2920902,42,ROLL
Golden Dynasty Roll-2920903,30,ROLL
Golden Dynasty Roll-2920904,40,ROLL
Golden Dynasty Roll-2920905,1,ROLL
Golden Dynasty Roll-2921001,40,ROLL
Golden Dynasty Roll-2921002,49,ROLL
Golden Dynasty Roll-2921003,226,ROLL
Golden Dynasty Roll-2921004,56,ROLL
Golden Dynasty Roll-2921005,39,ROLL
Golden Dynasty Roll-2921006,20,ROLL
Golden Dynasty Roll-2921007,238,ROLL
Golden Dynasty Roll-2921101,25,ROLL
Golden Dynasty Roll-2921102,144,ROLL
Golden Dynasty Roll-2921103,53,ROLL
Golden Dynasty Roll-2921104,9,ROLL
Golden Dynasty Roll-2921105,61,ROLL
Golden Dynasty Roll-2921106,24,ROLL
Golden Dynasty Roll-2921107,28,ROLL
Golden Dynasty Roll-2921201,34,ROLL
Golden Dynasty Roll-2921202,104,ROLL
Golden Dynasty Roll-2921203,9,ROLL
Golden Dynasty Roll-2921204,44,ROLL
Golden Dynasty Roll-2921205,114,ROLL
Golden Dynasty Roll-2921206,46,ROLL
Golden Dynasty Roll-2921301,2,ROLL
Golden Dynasty Roll-2921302,49,ROLL
Golden Dynasty Roll-2921303,23,ROLL
Golden Dynasty Roll-2921304,30,ROLL
Golden Dynasty Roll-2921401,120,ROLL
Golden Dynasty Roll-2921402,59,ROLL
Golden Dynasty Roll-2921403,52,ROLL
Golden Dynasty Roll-2921404,67,ROLL
Golden Dynasty Roll-2921501,1,ROLL
Golden Dynasty Roll-2921502,37,ROLL
Golden Dynasty Roll-2921503,2,ROLL
Golden Dynasty Roll-2921504,75,ROLL
Golden Dynasty Roll-2921505,2,ROLL
Golden Dynasty Roll-2921601,31,ROLL
Golden Dynasty Roll-2921602,99,ROLL
Golden Dynasty Roll-2921603,57,ROLL
Golden Dynasty Roll-2921604,1,ROLL
Golden Dynasty Roll-2921605,20,ROLL
Golden Dynasty Roll-2921606,122,ROLL
Golden Dynasty Roll-2921607,0,ROLL
CAS402,15,ROLL
PT-AS5407,22,ROLL
PT-AS5603,10,ROLL
PT-AS6202,59,ROLL
PT-AS7102,59,ROLL
PT-AS7502,2,ROLL
PT-AS8101,28,ROLL
PT-AS8105,43,ROLL
PT-AS8205,44,ROLL
PT-AS8505,49,ROLL
PT-VE10102,59,ROLL
PT-VE10303,21,ROLL
PT-VE10501,8,ROLL
PT-VE107011,58,ROLL
PT-VE11302,25,ROLL
PT-VE11401,22,ROLL
PT-VE11609,23,ROLL
PT-VE12102,30,ROLL
PT-VE7205,53,ROLL
PT-VE7605,46,ROLL
PT-VE8206,23,ROLL
PT-VE8306,25,ROLL
PT-VE8703,33,ROLL
PT-VE9606,20,ROLL
SG-FA2002,21,ROLL
SG-KR1201,42,ROLL
SP-AR2002,32,ROLL
SP-AR2004,56,ROLL
SP-AR6004,17,ROLL
SP-BS6003,34,ROLL
SP-BS6011,60,ROLL
SP-DG3001,40,ROLL
SP-DG3004,52,ROLL
SP-LB5001,39,ROLL
SP-LB6003,53,ROLL
SP-MT3001,55,ROLL
SP-MT4001,36,ROLL
SP-MT4002,26,ROLL
SP-NL3005,56,ROLL
SP-NL4003,26,ROLL
SP-NL4004,27,ROLL
SP-NL4006,25,ROLL
SP-NL4008,21,ROLL
SP-NL5004,25,ROLL
SP-NL5006,38,ROLL
SP-PV4004,28,ROLL
SP-PV5003,28,ROLL
SP-PV8002,26,ROLL
SP-PV8005,50,ROLL
SP-SP1004,6,ROLL
SP-SP2002,14,ROLL
SP-VE6103,1,ROLL
SVE-35-01,19,ROLL
F-BV8004,54,ROLL
F-CA7007,37,ROLL
F-DJ6001,33,ROLL
F-EP2001,36,ROLL
F-EP2002,37,ROLL
F-EP2004,36,ROLL
F-EP2006,41,ROLL
F-EP3001,43,ROLL
F-EP3003,35,ROLL
F-FE6002,33,ROLL
F-FG5010,23,ROLL
F-FT6006,16,ROLL
F-GA1003,39,ROLL
F-GA1005,34,ROLL
F-GA3009,45,ROLL
F-GA4003,54,ROLL
F-GA4007,37,ROLL
F-KA2001,50,ROLL
F-KA2004,28,ROLL
F-KA2005,43,ROLL
F-MI7001,31,ROLL
F-MI7002,49,ROLL
F-MY6002A,28,ROLL
F-RE1008,47,ROLL
F-RE2003,56,ROLL
F-ST7001,21,ROLL
F-ST7007,45,ROLL
F-ST7010,28,ROLL
F-VA4006,28,ROLL
F-VA5001,43,ROLL
F-VA5002,36,ROLL
F-VA6005,37,ROLL
F-WH3009,55,ROLL
F-WI1002,29,ROLL
F-WI3001,22,ROLL
F-WI3002,39,ROLL
F-WI3007,51,ROLL
F-WI5001,44,ROLL
F-WI5003,44,ROLL
F-WI6008,49,ROLL
LOFT Wallpaper Catalogue,0,Nos
PT-AS10606,43,ROLL
PT-AS9304,51,ROLL
PT-VE13101,50,ROLL
PT-VE13503,49,ROLL
PT-VE13601,20,ROLL
PT-VE14503,27,ROLL
PT-VE14608,19,ROLL
SP-SA6003,23,ROLL
SP-WG2003,43,ROLL
SP-WG3001,45,ROLL
SP-WG6005,53,ROLL
SP-WG6006,43,ROLL
F-BV5002,63,ROLL
F-BV5004,50,ROLL
F-BV7007,71,ROLL
F-CA4002,50,ROLL
F-CA4003,95,ROLL
F-CA5002,37,ROLL
F-CA7004,93,ROLL
F-CA7013,52,ROLL
F-FG1006,81,ROLL
F-FG7001,69,ROLL
F-FG7010,46,ROLL
F-FT6007,56,ROLL
F-FV6011,85,ROLL
F-FV6013,51,ROLL
F-GA2003,44,ROLL
F-GA2007,74,ROLL
F-GA3006,67,ROLL
F-HM4002,55,ROLL
F-HM4005,54,ROLL
F-IN3001,208,ROLL
F-IN3002,165,ROLL
F-IN3003,124,ROLL
F-IN6004,61,ROLL
F-IN6008,89,ROLL
F-MA2011,79,ROLL
F-MI4002,63,ROLL
F-MI4005,63,ROLL
F-MI5007,88,ROLL
F-MI8002,106,ROLL
F-MY1004,77,ROLL
F-MY7005,68,ROLL
F-OR4003,59,ROLL
F-OR4004,48,ROLL
F-OR8007,65,ROLL
F-RE2010,64,ROLL
F-RE3004,41,ROLL
F-RE3005,57,ROLL
F-RE3008,82,ROLL
F-ST7002,51,ROLL
F-ST8003,99,ROLL
F-SY4005,83,ROLL
F-SY6005,59,ROLL
F-WI4003,49,ROLL
F-WI4007,63,ROLL
F-WI6003,64,ROLL
Mega City Wallpaper Catalogue,16,Nos
PT-AS9402,42,ROLL
PT-VE14401,12,ROLL
PT-VE14404,57,ROLL
PT-VE14607,69,ROLL
PT-VE14701,56,ROLL
SP-IG2003,48,ROLL
SP-IG2004,83,ROLL
SP-IG3003,73,ROLL
SP-IG3004,63,ROLL
SP-IG4001,24,ROLL
SP-IG5004,75,ROLL
SP-IG7008,72,ROLL
SP-SA1001,52,ROLL
SP-SA1002,39,ROLL
SP-SA1003,76,ROLL
SP-SA2002,48,ROLL
SP-SA2005,81,ROLL
SP-SA2007,51,ROLL
Mineral Wallpaper Roll-30101,19,ROLL
Mineral Wallpaper Roll-30102,1,ROLL
Mineral Wallpaper Roll-30103,20,ROLL
Mineral Wallpaper Roll-30104,34,ROLL
Mineral Wallpaper Roll-30105,21,ROLL
Mineral Wallpaper Roll-30201,56,ROLL
Mineral Wallpaper Roll-30202,50,ROLL
Mineral Wallpaper Roll-30203,27,ROLL
Mineral Wallpaper Roll-30204,55,ROLL
Mineral Wallpaper Roll-30205,29,ROLL
Mineral Wallpaper Roll-30501,18,ROLL
Mineral Wallpaper Roll-30502,0,ROLL
Mineral Wallpaper Roll-30503,42,ROLL
Mineral Wallpaper Roll-30504,58,ROLL
Mineral Wallpaper Roll-30505,50,ROLL
Mineral Wallpaper Roll-30506,31,ROLL
Mineral Wallpaper Roll-30601,48,ROLL
Mineral Wallpaper Roll-30602,13,ROLL
Mineral Wallpaper Roll-30603,20,ROLL
Mineral Wallpaper Roll-30604,11,ROLL
Mineral Wallpaper Roll-30605,0,ROLL
Mineral Wallpaper Roll-30606,2,ROLL
Mineral Wallpaper Roll-30607,0,ROLL
Mineral Wallpaper Roll-31301,17,ROLL
Mineral Wallpaper Roll-31302,0,ROLL
Mineral Wallpaper Roll-31303,1,ROLL
Mineral Wallpaper Roll-31304,0,ROLL
Mineral Wallpaper Roll-31305,37,ROLL
Mineral Wallpaper Roll-31402,0,ROLL
Mineral Wallpaper Roll-31404,25,ROLL
Mineral Wallpaper Roll-31405,15,ROLL
Mineral Wallpaper Roll-31406,0,ROLL
Mineral-Catalogue,0,Pcs.
F-BV7005,47,ROLL
F-BV8001,23,ROLL
F-CA7003,39,ROLL
F-DJ6005,31,ROLL
F-FG5005,48,ROLL
F-FG8009,36,ROLL
F-FL6004,43,ROLL
F-FL6005,31,ROLL
F-FT7003,27,ROLL
F-GA4011,22,ROLL
F-HM6006GB,31,ROLL
F-IN5003,47,ROLL
F-IN6006,58,ROLL
F-MA1002,53,ROLL
F-MA1003,47,ROLL
F-MA2003,43,ROLL
F-MA2005,37,ROLL
F-MA2010,54,ROLL
F-MI8003,47,ROLL
F-MY1001,27,ROLL
F-MY1003,27,ROLL
F-MY1005,20,ROLL
F-MY1006,31,ROLL
F-MY1007,53,ROLL
F-MY2002,39,ROLL
F-MY2004,23,ROLL
F-MY2006,45,ROLL
F-MY2008,43,ROLL
F-MY2010,21,ROLL
F-MY5001,45,ROLL
F-MY5003,28,ROLL
F-MY6002B,31,ROLL
F-MY6006A,27,ROLL
F-MY7002,20,ROLL
F-MY7004,34,ROLL
F-MY7007,41,ROLL
F-OR8006,30,ROLL
F-RE2006,29,ROLL
F-SY5008,48,ROLL
F-SY6002,21,ROLL
F-SY6006,36,ROLL
F-SY6007,29,ROLL
F-VA4005,51,ROLL
F-VA4009,31,ROLL
MYSTRY Wallpaper Catalogue,19,Nos
PT-AS10605,43,ROLL
PT-VE13502,40,ROLL
PT-VE14707,55,ROLL
SP-SA6004,27,ROLL
SP-WG6001,66,ROLL
SP-WG6007,33,ROLL
F-BV6004,103,ROLL
F-BV6005,52,ROLL
F-BV7006,93,ROLL
F-CA7011,92,ROLL
F-DH7006,101,ROLL
F-DH8009,119,ROLL
F-FE7006,24,ROLL
F-FG3001,54,ROLL
F-FG3003,55,ROLL
F-FG3005,62,ROLL
F-FG3008,66,ROLL
F-FG4001,45,ROLL
F-FG8011,51,ROLL
F-FT5001,48,ROLL
F-FT5002,62,ROLL
F-FT5003,61,ROLL
F-FT5004,61,ROLL
F-FT5005,87,ROLL
F-FV1002,40,ROLL
F-FV2002,79,ROLL
F-FV2003,77,ROLL
F-FV2004,56,ROLL
F-FV2009,66,ROLL
F-FV5003,61,ROLL
F-GA3007,71,ROLL
F-GA3008,68,ROLL
F-GA4006,71,ROLL
F-HM4003,59,ROLL
F-HM4004,34,ROLL
F-HM8003,18,ROLL
F-HM8006,92,ROLL
F-IN5004,109,ROLL
F-MA2009,82,ROLL
F-MY2005,52,ROLL
F-MY3004,119,ROLL
F-MY3006,84,ROLL
F-MY4002,71,ROLL
F-MY4005,49,ROLL
F-MY4007,70,ROLL
F-MY5002,142,ROLL
F-MY5006,96,ROLL
F-MY7003,66,ROLL
F-MY7006,47,ROLL
F-MY7010,59,ROLL
F-RE1010,23,ROLL
F-ST7011,104,ROLL
FT-VE14706,0,ROLL
F-VA4008,98,ROLL
Natural Elements Wallpaper Catalogue,5,Nos
PT-VE13506,57,ROLL
PT-VE13604,50,ROLL
PT-VE14302,57,ROLL
PT-VE14305,84,ROLL
PT-VE14403,0,ROLL
PT-VE14605,74,ROLL
SP-IG6002,32,ROLL
SP-IG6005,73,ROLL
SP-IG6006,54,ROLL
SP-IG7012,66,ROLL
SP-SA5002,78,ROLL
SP-SA5003,102,ROLL
Nature 2 Wallpaper Roll 160512,22,ROLL
Nature 2 Wallpaper Roll 160514,52,ROLL
Nature 2 Wallpaper Roll 160515,5,ROLL
Nature 2 Wallpaper Roll 160516,18,ROLL
Nature 2 Wallpaper Roll 160551,91,ROLL
Nature 2 Wallpaper Roll 160552,50,ROLL
Nature 2 Wallpaper Roll 160553,37,ROLL
Nature 2 Wallpaper Roll 160661,35,ROLL
Nature 2 Wallpaper Roll 160662,21,ROLL
Nature 2 Wallpaper Roll 160663,2,ROLL
Nature 2 Wallpaper Roll 160664,0,ROLL
Nature 2 Wallpaper Roll 160666,26,ROLL
Nature 2 Wallpaper Roll 160667,4,ROLL
Nature 2 Wallpaper Roll 193101,3,ROLL
Nature 2 Wallpaper Roll 193102,0,ROLL
Nature 2 Wallpaper Roll 193103,17,ROLL
Nature 2 Wallpaper Roll 193104,23,ROLL
Nature 2 Wallpaper Roll 193211,3,ROLL
Nature 2 Wallpaper Roll 193212,1,ROLL
Nature 2 Wallpaper Roll 193213,4,ROLL
Nature 2 Wallpaper Roll 193214,0,ROLL
Nature 2 Wallpaper Roll 193215,0,ROLL
Nature 2 Wallpaper Roll 193216,3,ROLL
Nature 2 Wallpaper Roll 193217,0,ROLL
Nature 2 Wallpaper Roll 193311,21,ROLL
Nature 2 Wallpaper Roll 193312,1,ROLL
Nature 2 Wallpaper Roll 193313,1,ROLL
Nature 2 Wallpaper Roll 193411,75,ROLL
Nature 2 Wallpaper Roll 193412,0,ROLL
Nature 2 Wallpaper Roll 193414,1,ROLL
Nature 2 Wallpaper Roll 193502,34,ROLL
Nature 2 Wallpaper Roll 193503,9,ROLL
Nature 2 Wallpaper Roll 193504,6,ROLL
Nature 2 Wallpaper Roll 193505,0,ROLL
Nature 2 Wallpaper Roll 193507,74,ROLL
Nature 2 Wallpaper Roll 193508,60,ROLL
Nature 2 Wallpaper Roll 193511,0,ROLL
Nature 2 Wallpaper Roll 193512,0,ROLL
Nature 2 Wallpaper Roll 193513,3,ROLL
Nature 2 Wallpaper Roll 193514,2,ROLL
Nature 2 Wallpaper Roll 193611,0,ROLL
Nature 2 Wallpaper Roll 193612,1,ROLL
Nature 2 Wallpaper Roll 193613,0,ROLL
Nature 2 Wallpaper Roll 193615,0,ROLL
Nature 2 Wallpaper Roll 193711,23,ROLL
Nature 2 Wallpaper Roll 193712,0,ROLL
Nature 2 Wallpaper Roll 193714,11,ROLL
Nature 2 Wallpaper Roll 193715,10,ROLL
Nature 2 Wallpaper Roll 193811,28,ROLL
Nature 2 Wallpaper Roll 193812,0,ROLL
Nature 2 Wallpaper Roll 193813,0,ROLL
Nature 2 Wallpaper Roll 193814,0,ROLL
Nature 2 Wallpaper Roll 193815,2,ROLL
NR-101,96,ROLL
NR-102,95,ROLL
NR-103,32,ROLL
NR-104,92,ROLL
NR-105,46,ROLL
NR-106,89,ROLL
NR-107,20,ROLL
NR-108,96,ROLL
NR-109,51,ROLL
NR-110,60,ROLL
NR-111,104,ROLL
NR-112,62,ROLL
NR-113,90,ROLL
NR-114,50,ROLL
NR-115,124,ROLL
NR-116,82,ROLL
NR-117,41,ROLL
NR-118,89,ROLL
NR-119,63,ROLL
NR-120,14,ROLL
NR-121,31,ROLL
NR-122,19,ROLL
NR-123,98,ROLL
NR-124,59,ROLL
NR-125,98,ROLL
NR-126,131,ROLL
NR-127,70,ROLL
NR-128,83,ROLL
NR-129,120,ROLL
NR-130,134,ROLL
NR-131,100,ROLL
NR-132,108,ROLL
NR-133,87,ROLL
NR-134,157,ROLL
NR-135,139,ROLL
NR-136,42,ROLL
NR-137,25,ROLL
NR-138,66,ROLL
NR-139,129,ROLL
NR-140,7,ROLL
NR-141,96,ROLL
F-CA2002,42,ROLL
F-CA2004,78,ROLL
F-CA4004,74,ROLL
F-CA7010,60,ROLL
F-DH2001,23,ROLL
F-DH2005,102,ROLL
F-DH3004,53,ROLL
F-DH4004,48,ROLL
F-DH6004,81,ROLL
F-DJ3004,71,ROLL
F-DJ3005,52,ROLL
F-DJ4002,88,ROLL
F-DJ6003,57,ROLL
F-EP1007,107,ROLL
F-FE1006,50,ROLL
F-FE4001,117,ROLL
F-FE7005,136,ROLL
F-FG5008,41,ROLL
F-FG8012,100,ROLL
F-FT6005,125,ROLL
F-FV3002,91,ROLL
F-GA3010,64,ROLL
F-HM7003,70,ROLL
F-KA1002,27,ROLL
F-KA1006,98,ROLL
F-KA3001,52,ROLL
F-KA3003,48,ROLL
F-KA7006,64,ROLL
F-MA1007,53,ROLL
F-MA2004,77,ROLL
F-MA2008,102,ROLL
F-MI5004,49,ROLL
F-MI8001,33,ROLL
F-OR8001,66,ROLL
F-OR8002,18,ROLL
F-OR8010,35,ROLL
F-RE1005,0,ROLL
F-RE2001,102,ROLL
F-RE4003,153,ROLL
F-ST3006,68,ROLL
F-ST7008,71,ROLL
F-SY4004,51,ROLL
F-TL1104,48,ROLL
F-VA2001,85,ROLL
F-VA4010,70,ROLL
F-WH1002,78,ROLL
F-WH1003,41,ROLL
F-WH3005,56,ROLL
F-WI1004,102,ROLL
F-WI4006,78,ROLL
Opulence Wallpaper Catalogue,7,Nos
PT-AS10204,66,ROLL
PT-AS10604,54,ROLL
PT-AS9504,54,ROLL
PT-AS9505,64,ROLL
PT-AS9604,48,ROLL
PT-AS9607,41,ROLL
PT-VE14704,72,ROLL
SP-SA6006,87,ROLL
SP-SA6008,52,ROLL
SP-SA6009,51,ROLL
Silk-33380,46,ROLL
Silk-33381,44,ROLL
Silk-33382,27,ROLL
Silk-33383,38,ROLL
Silk-33384,40,ROLL
Silk-33386,44,ROLL
Silk-33387,31,ROLL
Silk-33392,29,ROLL
Silk-33393,33,ROLL
Silk-33394,48,ROLL
Silk-33395,32,ROLL
Silk-33396,57,ROLL
CAS103,107,ROLL
CAS201,45,ROLL
CE-A-10,46,ROLL
CE-C-06,28,ROLL
CE-C-07,44,ROLL
DMW07LP01,60,ROLL
PT-AS5506,39,ROLL
PT-AS6301,91,ROLL
PT-AS6407,101,ROLL
PT-AS7105,92,ROLL
PT-AS7302,90,ROLL
PT-AS7601,36,ROLL
PT-AS8202,12,ROLL
PT-AS8503,43,ROLL
PT-VE10604,96,ROLL
PT-VE11101,131,ROLL
PT-VE11105,120,ROLL
PT-VE12605,37,ROLL
PT-VE7606,29,ROLL
PT-VE8104,28,ROLL
PT-VE8301,38,ROLL
PT-VE8302,21,ROLL
PT-VE8608,35,ROLL
PT-VE9304,44,ROLL
SG-FA3005,90,ROLL
SG-FA3008,27,ROLL
SG-GG1002,53,ROLL
SG-LA1005,120,ROLL
SG-LA6004,29,ROLL
SIP-D-03,3,ROLL
SP-AR5004,36,ROLL
SP-AR7001,28,ROLL
SP-AR7002,23,ROLL
SP-BS6005,42,ROLL
SP-BS7003,44,ROLL
SP-BS7004,87,ROLL
SP-DG2004,97,ROLL
SP-DG7004,115,ROLL
SP-HA3004,110,ROLL
SP-HA4001,37,ROLL
SP-LB1002,167,ROLL
SP-LB1003,138,ROLL
SP-LB2004,112,ROLL
SP-LB5003,136,ROLL
SP-LB5004,48,ROLL
SP-PV3005,127,ROLL
SP-PV4006,135,ROLL
SP-PV7003,133,ROLL
SP-PV7004,104,ROLL
SP-SF6003,29,ROLL
SP-SF6005,37,ROLL
SP-SP2005,115,ROLL
SP-SP3009,132,ROLL
SP-VE5508,113,ROLL
BW-YH5004,42,ROLL
CE-C-02,40,ROLL
CE-C-04,41,ROLL
PT-AS5103,115,ROLL
PT-AS5104,136,ROLL
PT-AS5105,99,ROLL
PT-AS5501,9,ROLL
PT-AS6403,45,ROLL
PT-AS8203,80,ROLL
PT-AS8501,144,ROLL
PT-VE10205,44,ROLL
PT-VE11403,35,ROLL
PT-VE12401,49,ROLL
PT-VE12702,29,ROLL
PT-VE12705,27,ROLL
PT-VE7803,117,ROLL
PT-VE8101,11,ROLL
SCL-A-05,124,ROLL
SG-FA4004,35,ROLL
SG-GG5005,21,ROLL
SG-GG8004,71,ROLL
SG-KR1303,27,ROLL
SG-KR1401,33,ROLL
SG-LA2003,130,ROLL
SG-LA4003,33,ROLL
SG-LA4006,96,ROLL
SG-LA5001,116,ROLL
SG-SL2004,106,ROLL
SG-SL3004,43,ROLL
SG-SL7006,28,ROLL
SME-J-04,28,ROLL
SP1012,0,ROLL
SP-1012,36,ROLL
SP-AR1002,128,ROLL
SP-AR6001,75,ROLL
SP-AS4003,49,ROLL
SP-AS5004,88,ROLL
SP-AS7005,114,ROLL
SP-BS1002,45,ROLL
SP-DG5002,47,ROLL
SP-DG7011,36,ROLL
SP-LB3004,104,ROLL
SP-NL3004,34,ROLL
SP-NL6001,95,ROLL
SP-NL6009,51,ROLL
SP-SF5005,33,ROLL
SP-SP3008,29,ROLL
SP-VE5201,94,ROLL
SP-VE5202,30,ROLL
SP-VE5205,97,ROLL
SP-VE5206,98,ROLL
SP-VE5307,116,ROLL
SP-VE5507,48,ROLL
SP-VE5609,120,ROLL
SWD-E-04,39,ROLL
CAS202,52,ROLL
CAS401,69,ROLL
DMW06Np05,7,ROLL
PT-AS6505,50,ROLL
PT-AS8502,48,ROLL
PT-AS8504,45,ROLL
PT-AS8506,81,ROLL
PT-VE10103,68,ROLL
PT-VE10105,46,ROLL
PT-VE10502,62,ROLL
PT-VE10503,68,ROLL
PT-VE10504,83,ROLL
PT-VE10506,65,ROLL
PT-VE10601,88,ROLL
PT-VE10602,60,ROLL
PT-VE11102,74,ROLL
PT-VE11107,82,ROLL
PT-VE11203,66,ROLL
PT-VE11204,65,ROLL
PT-VE11606,61,ROLL
PT-VE11608,71,ROLL
PT-VE11707,67,ROLL
PT-VE11708,87,ROLL
PT-VE12101,52,ROLL
PT-VE12304,79,ROLL
PT-VE12305,63,ROLL
PT-VE12402,81,ROLL
PT-VE12404,79,ROLL
PT-VE12502,55,ROLL
PT-VE12608,69,ROLL
PT-VE12701,55,ROLL
PT-VE12704,66,ROLL
PT-VE7604,45,ROLL
PT-VE8403,66,ROLL
PT-VE9101,78,ROLL
PT-VE9102,56,ROLL
PT-VE9104,71,ROLL
PT-VE9105,43,ROLL
PT-VE9106,71,ROLL
PT-VE9506,30,ROLL
SCL-B-05,33,ROLL
SG-FA3009,33,ROLL
SG-LA6007,63,ROLL
SP-AR3004,62,ROLL
SP-AR5005,85,ROLL
SP-AR7003,45,ROLL
SP-AR7005,0,ROLL
SP-HA4003,56,ROLL
SP-LB7008,86,ROLL
SP-SF3003,63,ROLL
SP-SP2004,56,ROLL
SP-SP2007,70,ROLL
SP-SP2008,61,ROLL
SP-ST8012,78,ROLL
SP-VE5302,62,ROLL
SST-D-03,80,ROLL
PT-AS5101,36,ROLL
PT-AS5609,90,ROLL
PT-AS6101,2,ROLL
PT-AS6105,0,ROLL
PT-AS6304,79,ROLL
PT-AS6609,65,ROLL
PT-AS7104,52,ROLL
PT-AS7508,19,ROLL
PT-AS8401,83,ROLL
PT-AS8402,86,ROLL
PT-AS8404,68,ROLL
PT-VE8606,50,ROLL
SG-FA2006,57,ROLL
SG-KR1205,0,ROLL
SG-LA1002,0,ROLL
SG-LA1004,36,ROLL
SG-SL7012,90,ROLL
SP-BS4005,0,ROLL
SP-DG2001,0,ROLL
SP-DG2002,31,ROLL
SP-DG5003,88,ROLL
SP-DG6003,70,ROLL
SP-DG6005,43,ROLL
SP-DG7007,63,ROLL
SP-DG7009,86,ROLL
SP-HA2004,33,ROLL
SP-HA3003,49,ROLL
SP-HA3005,64,ROLL
SP-HA5004,0,ROLL
SP-HA5006,70,ROLL
SP-LB2003,40,ROLL
SP-LB2006,66,ROLL
SP-LB3005,86,ROLL
SP-LB5005,88,ROLL
SP-LB6005,90,ROLL
SP-LB7001,50,ROLL
SP-MT1004,66,ROLL
SP-MT2004,0,ROLL
SP-NL1001,0,ROLL
SP-NL3002,50,ROLL
SP-NL4007,72,ROLL
SP-NL6003,43,ROLL
SP-SP2001,56,ROLL
SP-VE6104,44,ROLL
SP-VE6105,0,ROLL
Stardust Roll-9220611,58,ROLL
Stardust Roll-9220612,11,ROLL
Stardust Roll-9220613,1,ROLL
Stardust Roll-9220614,123,ROLL
Stardust Roll-9220621,22,ROLL
Stardust Roll-9220622,0,ROLL
Stardust Roll-9220624,0,ROLL
Stardust Roll-9220631,4,ROLL
Stardust Roll-9220632,94,ROLL
Stardust Roll-9220633,80,ROLL
Stardust Roll-9220634,11,ROLL
Stardust Roll-9220635,0,ROLL
Stardust Roll-9220641,0,ROLL
Stardust Roll-9220642,2,ROLL
Stardust Roll-9220643,37,ROLL
Stardust Roll-9220644,0,ROLL
Stardust Roll-9220645,0,ROLL
Stardust Roll-9220646,37,ROLL
Stardust Roll-9220651,0,ROLL
Stardust Roll-9220652,54,ROLL
Stardust Roll-9220653,91,ROLL
Stardust Roll-9220654,88,ROLL
Stardust Roll-9220655,90,ROLL
Stardust Roll-9220661,46,ROLL
Stardust Roll-9220663,20,ROLL
Stardust Roll-9220664,80,ROLL
Stardust Roll-9220665,6,ROLL
Stardust Roll-9220667,115,ROLL
Stardust Roll-9220668,56,ROLL
Stardust Roll-9220671,84,ROLL
Stardust Roll-9220672,73,ROLL
Stardust Roll-9220673,110,ROLL
Stardust Roll-9220675,2,ROLL
Stardust Roll-9220681,2,ROLL
Stardust Roll-9220682,19,ROLL
Stardust Roll-9220683,5,ROLL
Stardust Roll-9220684,0,ROLL
Stardust Roll-9220685,2,ROLL
Tanishq Wallpaper Roll-TQ3011,15,ROLL
Tanishq Wallpaper Roll-TQ3015,76,ROLL
Tanishq Wallpaper Roll-TQ3016,117,ROLL
Tanishq Wallpaper Roll-TQ3017,76,ROLL
Tanishq Wallpaper Roll-TQ3021,32,ROLL
Tanishq Wallpaper Roll-TQ3022,0,ROLL
Tanishq Wallpaper Roll-TQ3024,50,ROLL
Tanishq Wallpaper Roll-TQ3025,33,ROLL
Tanishq Wallpaper Roll-TQ3031,5,ROLL
Tanishq Wallpaper Roll-TQ3032,85,ROLL
Tanishq Wallpaper Roll-TQ3033,67,ROLL
Tanishq Wallpaper Roll-TQ3034,4,ROLL
Tanishq Wallpaper Roll-TQ3037,59,ROLL
Tanishq Wallpaper Roll-TQ3038,34,ROLL
Tanishq Wallpaper Roll-TQ3039,58,ROLL
Tanishq Wallpaper Roll-TQ3052,22,ROLL
Tanishq Wallpaper Roll-TQ3054,0,ROLL
Tanishq Wallpaper Roll-TQ3063,115,ROLL
Tanishq Wallpaper Roll-TQ3065,126,ROLL
Tanishq Wallpaper Roll-TQ3066,78,ROLL
Tanishq Wallpaper Roll-TQ3071,1,ROLL
Tanishq Wallpaper Roll-TQ3073,0,ROLL
Tanishq Wallpaper Roll-TQ3074,38,ROLL
Tanishq Wallpaper Roll-TQ3076,66,ROLL
Tanishq Wallpaper Roll-TQ3077,5,ROLL
Tanishq Wallpaper Roll-TQ3081,14,ROLL
Tanishq Wallpaper Roll-TQ3083,27,ROLL
Tanishq Wallpaper Roll-TQ3084,12,ROLL
Tanishq Wallpaper Roll-TQ3092,20,ROLL
Tanishq Wallpaper Roll-TQ3093,0,ROLL
Tanishq Wallpaper Roll-TQ3095,15,ROLL
Tanishq Wallpaper Roll-TQ3106,6,ROLL
Tanishq Wallpaper Roll-TQ3117,32,ROLL
Tanishq Wallpaper Roll-TQ3703,0,ROLL
Terra-43800,21,ROLL
Terra-43801,31,ROLL
Terra-43802,9,ROLL
Terra-43803,0,ROLL
Terra-43806,6,ROLL
Terra-43808,13,ROLL
Terra-43809,14,ROLL
Terra-43810,6,ROLL
Terra-43815,6,ROLL
Terra-43816,0,ROLL
Terra-43817,10,ROLL
Terra-43818,0,ROLL
Terra-43819,8,ROLL
Terra-43826,10,ROLL
Terra-43828,21,ROLL
Terra-43829,21,ROLL
Terra-43831,15,ROLL
Terra-43832,5,ROLL
Terra-43833,8,ROLL
Terra-43835,17,ROLL
Terra-43838,6,ROLL
Terra-43839,10,ROLL
Terra-43841,11,ROLL
Terra-43842,23,ROLL
Terra-43843,16,ROLL
Terra-43845,8,ROLL
Terra-43846,11,ROLL
Terra-43848,9,ROLL
Terra-43849,23,ROLL
Terra-43851,6,ROLL
Terra-43852,11,ROLL
Terra-43853,6,ROLL
Terra-43855,10,ROLL
Terra-43856,16,ROLL
Terra-43858,11,ROLL
Terra-43859,10,ROLL
Terra-43870,5,ROLL
Terra-43871,14,ROLL
Terra-43872,14,ROLL
Terra-43873,21,ROLL
Terra-43876,5,ROLL
Terra-43878,28,ROLL
Terra-43879,16,ROLL
Terra-43880,11,ROLL
Terra-43881,11,ROLL
Terra-43882,19,ROLL
Terra-43883,8,ROLL
Terra-43885,17,ROLL
Terra-43888,22,ROLL
F-AE2003,9,ROLL
F-AE2004,6,ROLL
F-AE3002,17,ROLL
F-AE4005,14,ROLL
F-AE5001,2,ROLL
F-AE6002,2,ROLL
F-AE6005,4,ROLL
F-AE7005,12,ROLL
F-AE8002,1,ROLL
F-AE9001,5,ROLL
F-BV1002,7,ROLL
F-BV3001,4,ROLL
F-BV3003,19,ROLL
F-BV4001,5,ROLL
F-BV4002,14,ROLL
F-BV4003,3,ROLL
F-BV5006,16,ROLL
F-BV6006,14,ROLL
F-BV6007,111,ROLL
F-BV7003,5,ROLL
F-BV7004,4,ROLL
F-BV8003,7,ROLL
F-CA2001,19,ROLL
F-CA2003,3,ROLL
F-CA3002,15,ROLL
F-CA7001,12,ROLL
F-CA7008,14,ROLL
F-CA7009,16,ROLL
F-DH2004,18,ROLL
F-DH3003,1,ROLL
F-DH4001,9,ROLL
F-DH4003,6,ROLL
F-DH7001,9,ROLL
F-DH7005,11,ROLL
F-DH8006,16,ROLL
F-DJ3002,17,ROLL
F-DJ3003,5,ROLL
F-DJ4001,4,ROLL
F-DJ5001,16,ROLL
F-DJ6007,2,ROLL
F-EP1002,6,ROLL
F-EP1006,1,ROLL
F-EP5007,8,ROLL
F-FE3002,76,ROLL
F-FE5004,7,ROLL
F-FE6001,5,ROLL
F-FE6003,3,ROLL
F-FE6007,1,ROLL
F-FE7001,2,ROLL
F-FG2001,17,ROLL
F-FG2004,1,ROLL
F-FG4003,6,ROLL
F-FG5002,3,ROLL
F-FG5006,3,ROLL
F-FG5011,2,ROLL
F-FG7006,8,ROLL
F-FG7007,19,ROLL
F-FG7008,16,ROLL
F-FL1001,14,ROLL
F-FL1007,2,ROLL
F-FL4002,17,ROLL
F-FL4004,11,ROLL
F-FL5003,6,ROLL
F-FL6002,1,ROLL
F-FL6007,5,ROLL
F-FL6009,16,ROLL
F-FT1004,0,ROLL
F-FT2003,11,ROLL
F-FT3003,3,ROLL
F-FT4001,15,ROLL
F-FT4005,1,ROLL
F-FT6001,7,ROLL
F-FT6002,4,ROLL
F-FT6008,1,ROLL
F-FT7001,3,ROLL
F-FT7002,1,ROLL
F-FT7004,12,ROLL
F-FV2005,1,ROLL
F-FV2006,10,ROLL
F-FV5001,18,ROLL
F-FV5004,17,ROLL
F-FV6005,13,ROLL
F-FV6008,4,ROLL
F-GA2004,7,ROLL
F-GA4002,6,ROLL
F-GA4004,13,ROLL
F-GA4005,14,ROLL
F-GA4009,1,ROLL
F-HM2002,7,ROLL
F-HM4001,15,ROLL
F-HM5004,3,ROLL
F-HM6004GB,17,ROLL
F-HM7001,13,ROLL
F-HM7002,6,ROLL
F-HM8002,13,ROLL
F-IN4004,173,ROLL
F-IN5001,14,ROLL
F-IN5002,2,ROLL
F-IN5007,19,ROLL
F-IN6001,14,ROLL
F-IN6002,3,ROLL
F-IN6005,6,ROLL
F-IN6009,1,ROLL
F-IN7011,6,ROLL
F-KA3002,3,ROLL
F-KA4003,8,ROLL
F-KA4004,5,ROLL
F-KA6005,8,ROLL
F-KA6006,11,ROLL
F-KA7002,12,ROLL
F-KA8001,1,ROLL
F-MA1004,9,ROLL
F-MA1006,10,ROLL
F-MA2001,7,ROLL
F-MA2002,1,ROLL
F-MA2013,1,ROLL
F-MA3002,2,ROLL
F-MA3005,0,ROLL
F-MA3007,12,ROLL
F-MA3008,17,ROLL
F-MI1005,17,ROLL
F-MI2005,5,ROLL
F-MI3001,1,ROLL
F-MI3002,5,ROLL
F-MI6001,2,ROLL
F-MI6003,4,ROLL
F-MI6004,1,ROLL
F-MY12606,1,ROLL
F-MY12607,1,ROLL
F-MY2001,1,ROLL
F-MY2009,19,ROLL
F-MY3001,2,ROLL
F-MY5005,8,ROLL
F-MY6001A,1,ROLL
F-MY6004A,7,ROLL
F-MY6004B,11,ROLL
F-MY6005A,6,ROLL
F-MY6007A,7,ROLL
F-MY7011,10,ROLL
F-MY8003,3,ROLL
F-MY8004,3,ROLL
F-MY8010,11,ROLL
F-MY8011,3,ROLL
F-OR4001,47,ROLL
F-OR4005,3,ROLL
F-OR6004,1,ROLL
F-OR7003,2,ROLL
F-OR7006,7,ROLL
F-RE1009,8,ROLL
F-RE2008,11,ROLL
F-RE3001,4,ROLL
F-RE4007,10,ROLL
F-ST1001,2,ROLL
F-ST4001,3,ROLL
F-ST5002,7,ROLL
F-ST5004,8,ROLL
F-ST6003,6,ROLL
F-ST7003,17,ROLL
F-ST7004,83,ROLL
F-ST7005,10,ROLL
F-ST8001,3,ROLL
F-ST8005,3,ROLL
F-SY6003,1,ROLL
F-TL1102,7,ROLL
F-TL1201,4,ROLL
F-TL2001,15,ROLL
F-TL3001,15,ROLL
F-TL3004,9,ROLL
F-TL5005,1,ROLL
F-TL6001,11,ROLL
F-TL6002,2,ROLL
F-TL6005,2,ROLL
F-TL7002,1,ROLL
F-TL9002,1,ROLL
F-VA1004,2,ROLL
F-VA2004,19,ROLL
F-VA3001,1,ROLL
F-VA3002,4,ROLL
F-VA4001,10,ROLL
F-VA4003,6,ROLL
F-VA5004,1,ROLL
F-WH1005,6,ROLL
F-WH2001,9,ROLL
F-WH2002,18,ROLL
F-WH2004,13,ROLL
F-WH3001,12,ROLL
F-WH3008,16,ROLL
F-WH5002,1,ROLL
F-WH7005,6,ROLL
F-WI2001,6,ROLL
F-WI2004,16,ROLL
F-WI3003,4,ROLL
F-WI3004,17,ROLL
F-WI3006,8,ROLL
F-WI4001,12,ROLL
F-WI4005,3,ROLL
F-WI5004,1,ROLL
F-WI6005,19,ROLL
F-WI6006,9,ROLL
F-WI7001,5,ROLL
F-WI7002,16,ROLL
F-WI7004,17,ROLL
F-WI7005,7,ROLL
PT-AS10104,9,ROLL
PT-AS10105,1,ROLL
PT-AS10302,12,ROLL
PT-AS10303,3,ROLL
PT-AS10404,10,ROLL
PT-AS10505,2,ROLL
PT-AS10601,12,ROLL
PT-AS10602,2,ROLL
PT-AS10603,16,ROLL
PT-AS10610,14,ROLL
PT-AS10611,6,ROLL
PT-AS9101,3,ROLL
PT-AS9205,10,ROLL
PT-AS9301,1,ROLL
PT-AS9405,1,ROLL
PT-AS9601,4,ROLL
PT-AS9602,16,ROLL
PT-AS9605,4,ROLL
PT-AS9606,10,ROLL
PT-VE13404,3,ROLL
PT-VE13405,48,ROLL
PT-VE13504,7,ROLL
PT-VE13603,11,ROLL
PT-VE13606,6,ROLL
PT-VE13608,3,ROLL
PT-VE13609,9,ROLL
PT-VE14102,9,ROLL
PT-VE14105,2,ROLL
PT-VE14106,9,ROLL
PT-VE14201,17,ROLL
PT-VE14202,9,ROLL
PT-VE14501,12,ROLL
PT-VE14502,8,ROLL
PT-VE14504,2,ROLL
PT-VE14602,1,ROLL
PT-VE14703,7,ROLL
PT-VE14705,4,ROLL
PT-VE14706,63,ROLL
SP-IG3001,3,ROLL
SP-IG4002,16,ROLL
SP-IG6004,14,ROLL
SP-IG6008,7,ROLL
SP-IG7005,7,ROLL
SP-IG7006,5,ROLL
SP-IG7013,9,ROLL
SP-SA2001,56,ROLL
SP-SA4004,14,ROLL
SP-SA4006,3,ROLL
SP-SA5005,13,ROLL
SP-SA6001,16,ROLL
SP-WG2002,2,ROLL
Topmost Fabric,50,Mtr.
Topmost Wallpaper Catalogue,0,Nos
Topmost Wallpaper Roll,0,ROLL
Utterance BX-VT51511,43.056,Sq Ft
Vision Roll 65-50303,113,ROLL
Vision Roll 65-50404,0,ROLL
Vision Roll 65-50503,1,ROLL
Vision Roll 65-50602,15,ROLL
Vision Roll 65-50603,0,ROLL
Vision Roll 65-50702,35,ROLL
Vision Roll AD642832,5,ROLL
Vision Roll AD642833,6,ROLL
Vision Roll AD642844,1,ROLL
Vision Roll AD642853,42,ROLL
Vision Roll AD642862,12,ROLL
Vision Roll AD642864,32,ROLL
Vision Roll AD642874,116,ROLL
Vision Roll AD642883,3,ROLL
Vision Roll BD43702,0,ROLL
Vision Roll BD43703,0,ROLL
Vision Roll BD43704,0,ROLL
Vision Roll BD43705,0,ROLL
Vision Roll BD43803,0,ROLL
Vision Roll BD44102,11,ROLL
Vision Roll BD44203,24,ROLL
Vision Roll BD44502,134,ROLL
Vision Roll BD44503,6,ROLL
Vision Roll BD44504,4,ROLL
Vision Roll BD44505,5,ROLL
Vision Roll CR38002,5,ROLL
Vision Roll CR38004,19,ROLL
Vision Roll CR38301,73,ROLL
Vision Roll CR38401,0,ROLL
Vision Roll CR38403,0,ROLL
Vision Roll MR643681,0,ROLL
Vision Roll MR643684,0,ROLL
Vision Roll MR643692,17,ROLL
Vision Roll MR643693,54,ROLL
Vision Roll MR643694,0,ROLL
Vision Roll MR643713,0,ROLL
Vision Roll MR643715,0,ROLL
Vision Roll MR643723,44,ROLL
Vision Roll MR643724,3,ROLL
Vision Roll MR643731,113,ROLL
Vision Roll MR643734,211,ROLL
Vision Roll MR643742,0,ROLL
Vision Roll MR643745,35,ROLL
Vivid Wallpaper Roll-32001,5,ROLL
Vivid Wallpaper Roll-32002,8,ROLL
Vivid Wallpaper Roll-32003,0,ROLL
Vivid Wallpaper Roll-32004,52,ROLL
Vivid Wallpaper Roll-32005,33,ROLL
Vivid Wallpaper Roll-32006,38,ROLL
Vivid Wallpaper Roll-32101,36,ROLL
Vivid Wallpaper Roll-32102,10,ROLL
Vivid Wallpaper Roll-32103,33,ROLL
Vivid Wallpaper Roll-32104,11,ROLL
Vivid Wallpaper Roll-32105,37,ROLL
Vivid Wallpaper Roll-32106,32,ROLL
Vivid Wallpaper Roll-32201,13,ROLL
Vivid Wallpaper Roll-32202,1,ROLL
Vivid Wallpaper Roll-32203,51,ROLL
Vivid Wallpaper Roll-32204,18,ROLL
Vivid Wallpaper Roll-32205,31,ROLL
Vivid Wallpaper Roll-32206,28,ROLL
Vivid Wallpaper Roll-32301,4,ROLL
Vivid Wallpaper Roll-32302,7,ROLL
Vivid Wallpaper Roll-32303,2,ROLL
Vivid Wallpaper Roll-32401,5,ROLL
Vivid Wallpaper Roll-32402,28,ROLL
Vivid Wallpaper Roll-32403,39,ROLL
Vivid Wallpaper Roll-32404,43,ROLL
Vivid Wallpaper Roll-32405,1,ROLL
Vivid Wallpaper Roll-32406,19,ROLL
Vivid Wallpaper Roll-33001,12,ROLL
Vivid Wallpaper Roll-33003,32,ROLL
Vivid Wallpaper Roll-33004,42,ROLL
Vivid Wallpaper Roll-33006,8,ROLL
Vivid Wallpaper Roll-33011,0,ROLL
Vivid Wallpaper Roll-33015,13,ROLL
Vivid Wallpaper Roll-33032,0,ROLL
Vivid Wallpaper Roll-33035,45,ROLL
Vivid Wallpaper Roll-33042,7,ROLL
Vivid Wallpaper Roll-33043,8,ROLL
Vivid Wallpaper Roll-33044,10,ROLL
Vivid Wallpaper Roll-33045,1,ROLL
Vivid Wallpaper Roll-33046,9,ROLL
Vivid Wallpaper Roll-33051,1,ROLL
Vivid Wallpaper Roll-33054,23,ROLL
Vivid Wallpaper Roll-33055,1,ROLL
Vivid Wallpaper Roll-33056,25,ROLL
Vivid Wallpaper Roll-33061,26,ROLL
Vivid Wallpaper Roll-33062,37,ROLL
Vivid Wallpaper Roll-33063,39,ROLL
Vivid Wallpaper Roll-33064,38,ROLL
Vivid Wallpaper Roll-33065,39,ROLL
Vivid Wallpaper Roll-33066,50,ROLL
Waves Roll Wav-101,0,ROLL
Waves Roll Wav-102,33,ROLL
Waves Roll Wav-103,31,ROLL
Waves Roll Wav-104,7,ROLL
Waves Roll Wav-105,45,ROLL
Waves Roll Wav-106,56,ROLL
Waves Roll Wav-107,0,ROLL
Waves Roll Wav-108,8,ROLL
Waves Roll Wav-109,0,ROLL
Waves Roll Wav-110,0,ROLL
Waves Roll Wav-111,0,ROLL
Waves Roll Wav-112,0,ROLL
Waves Roll Wav-113,7,ROLL
Waves Roll Wav-114,16,ROLL
Waves Roll Wav-115,0,ROLL
Waves Roll Wav-116,48,ROLL
Waves Roll Wav-117,13,ROLL
Waves Roll Wav-118,51,ROLL
Waves Roll Wav-120,9,ROLL
Waves Roll Wav-121,18,ROLL
Waves Roll Wav-122,0,ROLL
Waves Roll Wav-123,24,ROLL
Waves Roll Wav-124,20,ROLL
Waves Roll Wav-125,38,ROLL
Waves Roll Wav-126,39,ROLL
Waves Roll Wav-127,66,ROLL
Waves Roll Wav-128,33,ROLL
Waves Roll Wav-129,32,ROLL
Waves Roll Wav-130,45,ROLL
Waves Roll Wav-131,2,ROLL
Waves Roll Wav-133,50,ROLL
Waves Roll Wav-134,0,ROLL
Waves Roll Wav-135,28,ROLL
Waves Roll Wav-136,32,ROLL
Waves Roll Wav-137,34,ROLL
Waves Roll Wav-138,10,ROLL
Waves Roll Wav-139,0,ROLL
Waves Roll Wav-140,47,ROLL
Waves Roll Wav-141,35,ROLL
Waves Roll Wav-142,47,ROLL
Waves Roll Wav-143,52,ROLL
PT-AS6504,45,ROLL
PT-AS7403,36,ROLL
PT-AS7708,30,ROLL
PT-VE11202,24,ROLL
PT-VE7404,15,ROLL
PT-VE7805,36,ROLL
SG-GG2002,1,ROLL
SG-GG6005,27,ROLL
SG-KR1102,24,ROLL
SG-LA4004,49,ROLL
SG-SL4004,46,ROLL
SG-SL5001,43,ROLL
SG-SL5004,46,ROLL
SG-SL6006,48,ROLL
SG-SL6007,39,ROLL
SP-AN1001,0,ROLL
SP-AN1003,0,ROLL
SP-AN1006,13,ROLL
SP-AN5002,0,ROLL
SP-AN7004,26,ROLL
SP-AR1004,43,ROLL
SP-BS5001,24,ROLL
SP-DG4002,60,ROLL
SP-HA1001,50,ROLL
SP-HA5005,35,ROLL
SP-MT1001,29,ROLL
SP-MT2003,20,ROLL
SP-NL5001,32,ROLL
SP-PV2004,56,ROLL
SP-PV4003,34,ROLL
SP-PV6003,31,ROLL
SP-PV7001,42,ROLL
SP-SF1004,29,ROLL
SP-SF6006,54,ROLL
